t_s,rtt_ms,capacity_mbps,loss_p,reconfig
0.0000,35.000,95.0000,0.000500,0
0.0500,35.000,95.2420,0.000500,0
0.1000,35.000,95.4822,0.000500,0
0.1500,35.000,95.7189,0.000500,0
0.2000,35.000,95.9504,0.000500,0
0.2500,35.000,96.1751,0.000500,0
0.3000,35.000,96.3913,0.000500,0
0.3500,35.000,96.5974,0.000500,0
0.4000,35.000,96.7921,0.000500,0
0.4500,35.000,96.9737,0.000500,0
0.5000,35.000,97.1411,0.000500,0
0.5500,35.000,97.2931,0.000500,0
0.6000,35.000,97.4285,0.000500,0
0.6500,35.000,97.5464,0.000500,0
0.7000,35.000,97.6459,0.000500,0
0.7500,35.000,97.7262,0.000500,0
0.8000,35.000,97.7869,0.000500,0
0.8500,35.000,97.8275,0.000500,0
0.9000,35.000,97.8476,0.000500,0
0.9500,35.000,97.8472,0.000500,0
1.0000,35.000,97.8262,0.000500,0
1.0500,35.000,97.7849,0.000500,0
1.1000,35.000,97.7234,0.000500,0
1.1500,35.000,97.6422,0.000500,0
1.2000,35.000,97.5420,0.000500,0
1.2500,35.000,97.4234,0.000500,0
1.3000,35.000,97.2873,0.000500,0
1.3500,35.000,97.1347,0.000500,0
1.4000,35.000,96.9667,0.000500,0
1.4500,35.000,96.7845,0.000500,0
1.5000,35.000,96.5894,0.000500,0
1.5500,35.000,96.3828,0.000500,0
1.6000,35.000,96.1663,0.000500,0
1.6500,35.000,95.9413,0.000500,0
1.7000,35.000,95.7095,0.000500,0
1.7500,35.000,95.4726,0.000500,0
1.8000,35.000,95.2323,0.000500,0
1.8500,35.000,94.9903,0.000500,0
1.9000,35.000,94.7484,0.000500,0
1.9500,35.000,94.5083,0.000500,0
2.0000,35.000,94.2717,0.000500,0
2.0500,35.000,94.0404,0.000500,0
2.1000,35.000,93.8160,0.000500,0
2.1500,35.000,93.6002,0.000500,0
2.2000,35.000,93.3945,0.000500,0
2.2500,35.000,93.2004,0.000500,0
2.3000,35.000,93.0193,0.000500,0
2.3500,35.000,92.8525,0.000500,0
2.4000,35.000,92.7011,0.000500,0
2.4500,35.000,92.5664,0.000500,0
2.5000,35.000,92.4493,0.000500,0
2.5500,35.000,92.3506,0.000500,0
2.6000,35.000,92.2710,0.000500,0
2.6500,35.000,92.2111,0.000500,0
2.7000,35.000,92.1713,0.000500,0
2.7500,35.000,92.1520,0.000500,0
2.8000,35.000,92.1532,0.000500,0
2.8500,35.000,92.1750,0.000500,0
2.9000,35.000,92.2172,0.000500,0
2.9500,35.000,92.2795,0.000500,0
3.0000,35.000,92.3614,0.000500,0
3.0500,35.000,92.4624,0.000500,0
3.1000,35.000,92.5817,0.000500,0
3.1500,35.000,92.7185,0.000500,0
3.2000,35.000,92.8717,0.000500,0
3.2500,35.000,93.0403,0.000500,0
3.3000,35.000,93.2231,0.000500,0
3.3500,35.000,93.4187,0.000500,0
3.4000,35.000,93.6257,0.000500,0
3.4500,35.000,93.8426,0.000500,0
3.5000,35.000,94.0679,0.000500,0
3.5500,35.000,94.2999,0.000500,0
3.6000,35.000,94.5370,0.000500,0
3.6500,35.000,94.7774,0.000500,0
3.7000,35.000,95.0194,0.000500,0
3.7500,35.000,95.2613,0.000500,0
3.8000,35.000,95.5013,0.000500,0
3.8500,35.000,95.7377,0.000500,0
3.9000,35.000,95.9687,0.000500,0
3.9500,35.000,96.1928,0.000500,0
4.0000,35.000,96.4082,0.000500,0
4.0500,35.000,96.6135,0.000500,0
4.1000,35.000,96.8071,0.000500,0
4.1500,35.000,96.9877,0.000500,0
4.2000,35.000,97.1539,0.000500,0
4.2500,35.000,97.3046,0.000500,0
4.3000,35.000,97.4386,0.000500,0
4.3500,35.000,97.5550,0.000500,0
4.4000,35.000,97.6530,0.000500,0
4.4500,35.000,97.7318,0.000500,0
4.5000,35.000,97.7909,0.000500,0
4.5500,35.000,97.8299,0.000500,0
4.6000,35.000,97.8484,0.000500,0
4.6500,35.000,97.8463,0.000500,0
4.7000,35.000,97.8237,0.000500,0
4.7500,35.000,97.7807,0.000500,0
4.8000,35.000,97.7176,0.000500,0
4.8500,35.000,97.6349,0.000500,0
4.9000,35.000,97.5332,0.000500,0
4.9500,35.000,97.4131,0.000500,0
5.0000,35.000,97.2757,0.000500,0
5.0500,35.000,97.1218,0.000500,0
5.1000,35.000,96.9526,0.000500,0
5.1500,35.000,96.7693,0.000500,0
5.2000,35.000,96.5732,0.000500,0
5.2500,35.000,96.3658,0.000500,0
5.3000,35.000,96.1485,0.000500,0
5.3500,35.000,95.9229,0.000500,0
5.4000,35.000,95.6907,0.000500,0
5.4500,35.000,95.4534,0.000500,0
5.5000,35.000,95.2129,0.000500,0
5.5500,35.000,94.9709,0.000500,0
5.6000,35.000,94.7290,0.000500,0
5.6500,35.000,94.4891,0.000500,0
5.7000,35.000,94.2529,0.000500,0
5.7500,35.000,94.0221,0.000500,0
5.8000,35.000,93.7984,0.000500,0
5.8500,35.000,93.5833,0.000500,0
5.9000,35.000,93.3785,0.000500,0
5.9500,35.000,93.1854,0.000500,0
6.0000,35.000,93.0054,0.000500,0
6.0500,35.000,92.8397,0.000500,0
6.1000,35.000,92.6897,0.000500,0
6.1500,35.000,92.5564,0.000500,0
6.2000,35.000,92.4407,0.000500,0
6.2500,35.000,92.3435,0.000500,0
6.3000,35.000,92.2654,0.000500,0
6.3500,35.000,92.2071,0.000500,0
6.4000,35.000,92.1690,0.000500,0
6.4500,35.000,92.1513,0.000500,0
6.5000,35.000,92.1542,0.000500,0
6.5500,35.000,92.1777,0.000500,0
6.6000,35.000,92.2215,0.000500,0
6.6500,35.000,92.2854,0.000500,0
6.7000,35.000,92.3688,0.000500,0
6.7500,35.000,92.4713,0.000500,0
6.8000,35.000,92.5920,0.000500,0
6.8500,35.000,92.7302,0.000500,0
6.9000,35.000,92.8847,0.000500,0
6.9500,35.000,93.0545,0.000500,0
7.0000,35.000,93.2383,0.000500,0
7.0500,35.000,93.4349,0.000500,0
7.1000,35.000,93.6427,0.000500,0
7.1500,35.000,93.8604,0.000500,0
7.2000,35.000,94.0863,0.000500,0
7.2500,35.000,94.3188,0.000500,0
7.3000,35.000,94.5562,0.000500,0
7.3500,35.000,94.7968,0.000500,0
7.4000,35.000,95.0388,0.000500,0
7.4500,35.000,95.2806,0.000500,0
7.5000,35.000,95.5204,0.000500,0
7.5500,35.000,95.7564,0.000500,0
7.6000,35.000,95.9870,0.000500,0
7.6500,35.000,96.2104,0.000500,0
7.7000,35.000,96.4251,0.000500,0
7.7500,35.000,96.6295,0.000500,0
7.8000,35.000,96.8221,0.000500,0
7.8500,35.000,97.0016,0.000500,0
7.9000,35.000,97.1666,0.000500,0
7.9500,35.000,97.3160,0.000500,0
8.0000,35.000,97.4486,0.000500,0
8.0500,35.000,97.5636,0.000500,0
8.1000,35.000,97.6600,0.000500,0
8.1500,35.000,97.7373,0.000500,0
8.2000,35.000,97.7948,0.000500,0
8.2500,35.000,97.8321,0.000500,0
8.3000,35.000,97.8489,0.000500,0
8.3500,35.000,97.8452,0.000500,0
8.4000,35.000,97.8210,0.000500,0
8.4500,35.000,97.7764,0.000500,0
8.5000,35.000,97.7117,0.000500,0
8.5500,35.000,97.6274,0.000500,0
8.6000,35.000,97.5242,0.000500,0
8.6500,35.000,97.4027,0.000500,0
8.7000,35.000,97.2639,0.000500,0
8.7500,35.000,97.1088,0.000500,0
8.8000,35.000,96.9384,0.000500,0
8.8500,35.000,96.7540,0.000500,0
8.9000,35.000,96.5570,0.000500,0
8.9500,35.000,96.3487,0.000500,0
9.0000,35.000,96.1307,0.000500,0
9.0500,35.000,95.9045,0.000500,0
9.1000,35.000,95.6718,0.000500,0
9.1500,35.000,95.4342,0.000500,0
9.2000,35.000,95.1935,0.000500,0
9.2500,35.000,94.9514,0.000500,0
9.3000,35.000,94.7097,0.000500,0
9.3500,35.000,94.4700,0.000500,0
9.4000,35.000,94.2342,0.000500,0
9.4500,35.000,94.0039,0.000500,0
9.5000,35.000,93.7808,0.000500,0
9.5500,35.000,93.5665,0.000500,0
9.6000,35.000,93.3626,0.000500,0
9.6500,35.000,93.1704,0.000500,0
9.7000,35.000,92.9915,0.000500,0
9.7500,35.000,92.8271,0.000500,0
9.8000,35.000,92.6784,0.000500,0
9.8500,35.000,92.5464,0.000500,0
9.9000,35.000,92.4322,0.000500,0
9.9500,35.000,92.3365,0.000500,0
10.0000,35.000,92.2600,0.000500,0
10.0500,35.000,92.2033,0.000500,0
10.1000,90.484,130.9114,0.080000,1
10.1500,90.484,131.1848,0.080000,0
10.2000,90.484,131.4744,0.080000,0
10.2500,90.484,131.7782,0.080000,0
10.3000,90.484,132.0938,0.080000,0
10.3500,90.484,132.4190,0.080000,0
10.4000,90.484,132.7515,0.080000,0
10.4500,90.484,133.0889,0.080000,0
10.5000,63.984,133.4288,0.000500,0
10.5500,63.984,133.7686,0.000500,0
10.6000,63.984,134.1059,0.000500,0
10.6500,63.984,134.4384,0.000500,0
10.7000,63.984,134.7635,0.000500,0
10.7500,63.984,135.0790,0.000500,0
10.8000,63.984,135.3826,0.000500,0
10.8500,63.984,135.6721,0.000500,0
10.9000,63.984,135.9453,0.000500,0
10.9500,63.984,136.2004,0.000500,0
11.0000,63.984,136.4354,0.000500,0
11.0500,63.984,136.6487,0.000500,0
11.1000,63.984,136.8387,0.000500,0
11.1500,63.984,137.0041,0.000500,0
11.2000,63.984,137.1437,0.000500,0
11.2500,63.984,137.2565,0.000500,0
11.3000,63.984,137.3416,0.000500,0
11.3500,63.984,137.3984,0.000500,0
11.4000,63.984,137.4265,0.000500,0
11.4500,63.984,137.4258,0.000500,0
11.5000,63.984,137.3962,0.000500,0
11.5500,63.984,137.3379,0.000500,0
11.6000,63.984,137.2514,0.000500,0
11.6500,63.984,137.1373,0.000500,0
11.7000,63.984,136.9964,0.000500,0
11.7500,63.984,136.8297,0.000500,0
11.8000,63.984,136.6385,0.000500,0
11.8500,63.984,136.4240,0.000500,0
11.9000,63.984,136.1879,0.000500,0
11.9500,63.984,135.9319,0.000500,0
12.0000,63.984,135.6578,0.000500,0
12.0500,63.984,135.3676,0.000500,0
12.1000,63.984,135.0634,0.000500,0
12.1500,63.984,134.7473,0.000500,0
12.2000,63.984,134.4217,0.000500,0
12.2500,63.984,134.0890,0.000500,0
12.3000,63.984,133.7514,0.000500,0
12.3500,63.984,133.4116,0.000500,0
12.4000,63.984,133.0718,0.000500,0
12.4500,63.984,132.7346,0.000500,0
12.5000,63.984,132.4024,0.000500,0
12.5500,63.984,132.0776,0.000500,0
12.6000,63.984,131.7625,0.000500,0
12.6500,63.984,131.4595,0.000500,0
12.7000,63.984,131.1706,0.000500,0
12.7500,63.984,130.8981,0.000500,0
12.8000,63.984,130.6438,0.000500,0
12.8500,63.984,130.4096,0.000500,0
12.9000,63.984,130.1972,0.000500,0
12.9500,63.984,130.0081,0.000500,0
13.0000,63.984,129.8437,0.000500,0
13.0500,63.984,129.7052,0.000500,0
13.1000,63.984,129.5935,0.000500,0
13.1500,63.984,129.5096,0.000500,0
13.2000,63.984,129.4539,0.000500,0
13.2500,63.984,129.4269,0.000500,0
13.3000,63.984,129.4288,0.000500,0
13.3500,63.984,129.4595,0.000500,0
13.4000,63.984,129.5190,0.000500,0
13.4500,63.984,129.6066,0.000500,0
13.5000,63.984,129.7218,0.000500,0
13.5500,63.984,129.8638,0.000500,0
13.6000,63.984,130.0314,0.000500,0
13.6500,63.984,130.2237,0.000500,0
13.7000,63.984,130.4390,0.000500,0
13.7500,63.984,130.6759,0.000500,0
13.8000,63.984,130.9327,0.000500,0
13.8500,63.984,131.2075,0.000500,0
13.9000,63.984,131.4983,0.000500,0
13.9500,63.984,131.8031,0.000500,0
14.0000,63.984,132.1195,0.000500,0
14.0500,63.984,132.4454,0.000500,0
14.1000,63.984,132.7784,0.000500,0
14.1500,63.984,133.1161,0.000500,0
14.2000,63.984,133.4560,0.000500,0
14.2500,63.984,133.7957,0.000500,0
14.3000,63.984,134.1328,0.000500,0
14.3500,63.984,134.4648,0.000500,0
14.4000,63.984,134.7892,0.000500,0
14.4500,63.984,135.1038,0.000500,0
14.5000,63.984,135.4064,0.000500,0
14.5500,63.984,135.6946,0.000500,0
14.6000,63.984,135.9664,0.000500,0
14.6500,63.984,136.2200,0.000500,0
14.7000,63.984,136.4533,0.000500,0
14.7500,63.984,136.6648,0.000500,0
14.8000,63.984,136.8529,0.000500,0
14.8500,63.984,137.0163,0.000500,0
14.9000,63.984,137.1538,0.000500,0
14.9500,63.984,137.2643,0.000500,0
15.0000,63.984,137.3472,0.000500,0
15.0500,63.984,137.4017,0.000500,0
15.1000,63.984,137.4275,0.000500,0
15.1500,63.984,137.4245,0.000500,0
15.2000,63.984,137.3926,0.000500,0
15.2500,63.984,137.3320,0.000500,0
15.3000,63.984,137.2433,0.000500,0
15.3500,63.984,137.1270,0.000500,0
15.4000,63.984,136.9840,0.000500,0
15.4500,63.984,136.8153,0.000500,0
15.5000,63.984,136.6221,0.000500,0
15.5500,63.984,136.4059,0.000500,0
15.6000,63.984,136.1681,0.000500,0
15.6500,63.984,135.9106,0.000500,0
15.7000,63.984,135.6351,0.000500,0
15.7500,63.984,135.3437,0.000500,0
15.8000,63.984,135.0384,0.000500,0
15.8500,63.984,134.7215,0.000500,0
15.9000,63.984,134.3953,0.000500,0
15.9500,63.984,134.0621,0.000500,0
16.0000,63.984,133.7242,0.000500,0
16.0500,63.984,133.3843,0.000500,0
16.1000,63.984,133.0446,0.000500,0
16.1500,63.984,132.7077,0.000500,0
16.2000,63.984,132.3760,0.000500,0
16.2500,63.984,132.0519,0.000500,0
16.3000,63.984,131.7377,0.000500,0
16.3500,63.984,131.4357,0.000500,0
16.4000,63.984,131.1481,0.000500,0
16.4500,63.984,130.8770,0.000500,0
16.5000,63.984,130.6242,0.000500,0
16.5500,63.984,130.3917,0.000500,0
16.6000,63.984,130.1812,0.000500,0
16.6500,63.984,129.9940,0.000500,0
16.7000,63.984,129.8316,0.000500,0
16.7500,63.984,129.6952,0.000500,0
16.8000,63.984,129.5858,0.000500,0
16.8500,63.984,129.5041,0.000500,0
16.9000,63.984,129.4507,0.000500,0
16.9500,63.984,129.4260,0.000500,0
17.0000,63.984,129.4302,0.000500,0
17.0500,63.984,129.4633,0.000500,0
17.1000,63.984,129.5249,0.000500,0
17.1500,63.984,129.6148,0.000500,0
17.2000,63.984,129.7322,0.000500,0
17.2500,63.984,129.8763,0.000500,0
17.3000,63.984,130.0460,0.000500,0
17.3500,63.984,130.2401,0.000500,0
17.4000,63.984,130.4572,0.000500,0
17.4500,63.984,130.6958,0.000500,0
17.5000,63.984,130.9541,0.000500,0
17.5500,63.984,131.2302,0.000500,0
17.6000,63.984,131.5223,0.000500,0
17.6500,63.984,131.8280,0.000500,0
17.7000,63.984,132.1453,0.000500,0
17.7500,63.984,132.4719,0.000500,0
17.8000,63.984,132.8054,0.000500,0
17.8500,63.984,133.1433,0.000500,0
17.9000,63.984,133.4833,0.000500,0
17.9500,63.984,133.8229,0.000500,0
18.0000,63.984,134.1596,0.000500,0
18.0500,63.984,134.4911,0.000500,0
18.1000,63.984,134.8148,0.000500,0
18.1500,63.984,135.1286,0.000500,0
18.2000,63.984,135.4300,0.000500,0
18.2500,63.984,135.7170,0.000500,0
18.3000,63.984,135.9875,0.000500,0
18.3500,63.984,136.2394,0.000500,0
18.4000,63.984,136.4711,0.000500,0
18.4500,63.984,136.6808,0.000500,0
18.5000,63.984,136.8669,0.000500,0
18.5500,63.984,137.0283,0.000500,0
18.6000,63.984,137.1636,0.000500,0
18.6500,63.984,137.2720,0.000500,0
18.7000,63.984,137.3526,0.000500,0
18.7500,63.984,137.4048,0.000500,0
18.8000,63.984,137.4284,0.000500,0
18.8500,63.984,137.4230,0.000500,0
18.9000,63.984,137.3888,0.000500,0
18.9500,63.984,137.3259,0.000500,0
19.0000,63.984,137.2350,0.000500,0
19.0500,63.984,137.1165,0.000500,0
19.1000,63.984,136.9714,0.000500,0
19.1500,63.984,136.8007,0.000500,0
19.2000,63.984,136.6056,0.000500,0
19.2500,63.984,136.3876,0.000500,0
19.3000,63.984,136.1482,0.000500,0
19.3500,63.984,135.8891,0.000500,0
19.4000,63.984,135.6123,0.000500,0
19.4500,63.984,135.3197,0.000500,0
19.5000,63.984,135.0134,0.000500,0
19.5500,63.984,134.6957,0.000500,0
19.6000,63.984,134.3688,0.000500,0
19.6500,63.984,134.0351,0.000500,0
19.7000,63.984,133.6970,0.000500,0
19.7500,63.984,133.3570,0.000500,0
19.8000,63.984,133.0175,0.000500,0
19.8500,63.984,132.6809,0.000500,0
19.9000,63.984,132.3497,0.000500,0
19.9500,69.708,117.2024,0.080000,1
20.0000,69.708,117.1501,0.080000,0
20.0500,69.708,117.1237,0.080000,0
20.1000,69.708,117.1235,0.080000,0
20.1500,69.708,117.1493,0.080000,0
20.2000,69.708,117.2012,0.080000,0
20.2500,69.708,117.2786,0.080000,0
20.3000,69.708,117.3810,0.080000,0
20.3500,45.151,117.5077,0.000500,0
20.4000,45.151,117.6577,0.000500,0
20.4500,45.151,117.8300,0.000500,0
20.5000,45.151,118.0234,0.000500,0
20.5500,45.151,118.2364,0.000500,0
20.6000,45.151,118.4674,0.000500,0
20.6500,45.151,118.7149,0.000500,0
20.7000,45.151,118.9771,0.000500,0
20.7500,45.151,119.2520,0.000500,0
20.8000,45.151,119.5376,0.000500,0
20.8500,45.151,119.8320,0.000500,0
20.9000,45.151,120.1329,0.000500,0
20.9500,45.151,120.4383,0.000500,0
21.0000,45.151,120.7458,0.000500,0
21.0500,45.151,121.0533,0.000500,0
21.1000,45.151,121.3586,0.000500,0
21.1500,45.151,121.6594,0.000500,0
21.2000,45.151,121.9536,0.000500,0
21.2500,45.151,122.2391,0.000500,0
21.3000,45.151,122.5137,0.000500,0
21.3500,45.151,122.7756,0.000500,0
21.4000,45.151,123.0228,0.000500,0
21.4500,45.151,123.2535,0.000500,0
21.5000,45.151,123.4661,0.000500,0
21.5500,45.151,123.6590,0.000500,0
21.6000,45.151,123.8309,0.000500,0
21.6500,45.151,123.9804,0.000500,0
21.7000,45.151,124.1066,0.000500,0
21.7500,45.151,124.2085,0.000500,0
21.8000,45.151,124.2854,0.000500,0
21.8500,45.151,124.3367,0.000500,0
21.9000,45.151,124.3620,0.000500,0
21.9500,45.151,124.3612,0.000500,0
22.0000,45.151,124.3343,0.000500,0
22.0500,45.151,124.2814,0.000500,0
22.1000,45.151,124.2030,0.000500,0
22.1500,45.151,124.0996,0.000500,0
22.2000,45.151,123.9720,0.000500,0
22.2500,45.151,123.8210,0.000500,0
22.3000,45.151,123.6478,0.000500,0
22.3500,45.151,123.4536,0.000500,0
22.4000,45.151,123.2399,0.000500,0
22.4500,45.151,123.0081,0.000500,0
22.5000,45.151,122.7600,0.000500,0
22.5500,45.151,122.4973,0.000500,0
22.6000,45.151,122.2219,0.000500,0
22.6500,45.151,121.9359,0.000500,0
22.7000,45.151,121.6412,0.000500,0
22.7500,45.151,121.3401,0.000500,0
22.8000,45.151,121.0346,0.000500,0
22.8500,45.151,120.7270,0.000500,0
22.9000,45.151,120.4196,0.000500,0
22.9500,45.151,120.1144,0.000500,0
23.0000,45.151,119.8138,0.000500,0
23.0500,45.151,119.5200,0.000500,0
23.1000,45.151,119.2349,0.000500,0
23.1500,45.151,118.9607,0.000500,0
23.2000,45.151,118.6994,0.000500,0
23.2500,45.151,118.4529,0.000500,0
23.3000,45.151,118.2228,0.000500,0
23.3500,45.151,118.0110,0.000500,0
23.4000,45.151,117.8189,0.000500,0
23.4500,45.151,117.6479,0.000500,0
23.5000,45.151,117.4993,0.000500,0
23.5500,45.151,117.3740,0.000500,0
23.6000,45.151,117.2731,0.000500,0
23.6500,45.151,117.1973,0.000500,0
23.7000,45.151,117.1470,0.000500,0
23.7500,45.151,117.1227,0.000500,0
23.8000,45.151,117.1246,0.000500,0
23.8500,45.151,117.1525,0.000500,0
23.9000,45.151,117.2064,0.000500,0
23.9500,45.151,117.2859,0.000500,0
24.0000,45.151,117.3903,0.000500,0
24.0500,45.151,117.5188,0.000500,0
24.1000,45.151,117.6707,0.000500,0
24.1500,45.151,117.8448,0.000500,0
24.2000,45.151,118.0397,0.000500,0
24.2500,45.151,118.2542,0.000500,0
24.3000,45.151,118.4867,0.000500,0
24.3500,45.151,118.7354,0.000500,0
24.4000,45.151,118.9987,0.000500,0
24.4500,45.151,119.2745,0.000500,0
24.5000,45.151,119.5610,0.000500,0
24.5500,45.151,119.8559,0.000500,0
24.6000,45.151,120.1573,0.000500,0
24.6500,45.151,120.4629,0.000500,0
24.7000,45.151,120.7705,0.000500,0
24.7500,45.151,121.0779,0.000500,0
24.8000,45.151,121.3829,0.000500,0
24.8500,45.151,121.6833,0.000500,0
24.9000,45.151,121.9768,0.000500,0
24.9500,45.151,122.2615,0.000500,0
25.0000,45.151,122.5352,0.000500,0
25.0500,45.151,122.7960,0.000500,0
25.1000,45.151,123.0419,0.000500,0
25.1500,45.151,123.2712,0.000500,0
25.2000,45.151,123.4823,0.000500,0
25.2500,45.151,123.6736,0.000500,0
25.3000,45.151,123.8437,0.000500,0
25.3500,45.151,123.9914,0.000500,0
25.4000,45.151,124.1157,0.000500,0
25.4500,45.151,124.2156,0.000500,0
25.5000,45.151,124.2904,0.000500,0
25.5500,45.151,124.3396,0.000500,0
25.6000,45.151,124.3629,0.000500,0
25.6500,45.151,124.3600,0.000500,0
25.7000,45.151,124.3310,0.000500,0
25.7500,45.151,124.2761,0.000500,0
25.8000,45.151,124.1956,0.000500,0
25.8500,45.151,124.0902,0.000500,0
25.9000,45.151,123.9607,0.000500,0
25.9500,45.151,123.8079,0.000500,0
26.0000,45.151,123.6330,0.000500,0
26.0500,45.151,123.4372,0.000500,0
26.1000,45.151,123.2220,0.000500,0
26.1500,45.151,122.9888,0.000500,0
26.2000,45.151,122.7395,0.000500,0
26.2500,45.151,122.4757,0.000500,0
26.3000,45.151,122.1994,0.000500,0
26.3500,45.151,121.9126,0.000500,0
26.4000,45.151,121.6173,0.000500,0
26.4500,45.151,121.3157,0.000500,0
26.5000,45.151,121.0100,0.000500,0
26.5500,45.151,120.7024,0.000500,0
26.6000,45.151,120.3950,0.000500,0
26.6500,45.151,120.0901,0.000500,0
26.7000,45.151,119.7900,0.000500,0
26.7500,45.151,119.4967,0.000500,0
26.8000,45.151,119.2125,0.000500,0
26.8500,45.151,118.9393,0.000500,0
26.9000,45.151,118.6791,0.000500,0
26.9500,45.151,118.4338,0.000500,0
27.0000,45.151,118.2052,0.000500,0
27.0500,45.151,117.9949,0.000500,0
27.1000,45.151,117.8044,0.000500,0
27.1500,45.151,117.6352,0.000500,0
27.2000,45.151,117.4883,0.000500,0
27.2500,45.151,117.3650,0.000500,0
27.3000,45.151,117.2661,0.000500,0
27.3500,45.151,117.1923,0.000500,0
27.4000,45.151,117.1441,0.000500,0
27.4500,45.151,117.1219,0.000500,0
27.5000,45.151,117.1259,0.000500,0
27.5500,45.151,117.1559,0.000500,0
27.6000,45.151,117.2119,0.000500,0
27.6500,45.151,117.2933,0.000500,0
27.7000,45.151,117.3997,0.000500,0
27.7500,45.151,117.5302,0.000500,0
27.8000,45.151,117.6839,0.000500,0
27.8500,45.151,117.8596,0.000500,0
27.9000,45.151,118.0562,0.000500,0
27.9500,45.151,118.2722,0.000500,0
28.0000,45.151,118.5061,0.000500,0
28.0500,45.151,118.7560,0.000500,0
28.1000,45.151,119.0204,0.000500,0
28.1500,45.151,119.2971,0.000500,0
28.2000,45.151,119.5843,0.000500,0
28.2500,45.151,119.8799,0.000500,0
28.3000,45.151,120.1817,0.000500,0
28.3500,45.151,120.4875,0.000500,0
28.4000,45.151,120.7952,0.000500,0
28.4500,45.151,121.1025,0.000500,0
28.5000,45.151,121.4072,0.000500,0
28.5500,45.151,121.7071,0.000500,0
28.6000,45.151,122.0000,0.000500,0
28.6500,45.151,122.2839,0.000500,0
28.7000,45.151,122.5566,0.000500,0
28.7500,45.151,122.8162,0.000500,0
28.8000,45.151,123.0609,0.000500,0
28.8500,45.151,123.2888,0.000500,0
28.9000,45.151,123.4984,0.000500,0
28.9500,45.151,123.6880,0.000500,0
29.0000,45.151,123.8564,0.000500,0
29.0500,45.151,124.0022,0.000500,0
29.1000,45.151,124.1246,0.000500,0
29.1500,45.151,124.2225,0.000500,0
29.2000,45.151,124.2953,0.000500,0
29.2500,45.151,124.3425,0.000500,0
29.3000,45.151,124.3636,0.000500,0
29.3500,45.151,124.3586,0.000500,0
29.4000,45.151,124.3275,0.000500,0
29.4500,45.151,124.2705,0.000500,0
29.5000,45.151,124.1881,0.000500,0
29.5500,45.151,124.0807,0.000500,0
29.6000,45.151,123.9493,0.000500,0
29.6500,45.151,123.7947,0.000500,0
29.7000,45.151,123.6181,0.000500,0
29.7500,45.151,123.4207,0.000500,0
29.8000,45.151,123.2039,0.000500,0
29.8500,45.151,122.9694,0.000500,0
29.9000,45.151,122.7188,0.000500,0
29.9500,45.151,122.4540,0.000500,0
30.0000,45.151,122.1767,0.000500,0
30.0500,45.151,121.8892,0.000500,0
30.1000,45.151,121.5933,0.000500,0
30.1500,45.151,121.2913,0.000500,0
30.2000,45.151,120.9854,0.000500,0
30.2500,45.151,120.6777,0.000500,0
30.3000,45.151,120.3704,0.000500,0
30.3500,45.151,120.0659,0.000500,0
30.4000,45.151,119.7662,0.000500,0
30.4500,45.151,119.4736,0.000500,0
30.5000,45.151,119.1901,0.000500,0
30.5500,45.151,118.9179,0.000500,0
30.6000,45.151,118.6588,0.000500,0
30.6500,45.151,118.4148,0.000500,0
30.7000,45.151,118.1876,0.000500,0
30.7500,45.151,117.9788,0.000500,0
30.8000,45.151,117.7900,0.000500,0
30.8500,45.151,117.6225,0.000500,0
30.9000,45.151,117.4776,0.000500,0
30.9500,45.151,117.3562,0.000500,0
31.0000,45.151,117.2593,0.000500,0
31.0500,45.151,117.1875,0.000500,0
31.1000,45.151,117.1414,0.000500,0
31.1500,45.151,117.1213,0.000500,0
31.2000,45.151,117.1273,0.000500,0
31.2500,45.151,117.1595,0.000500,0
31.3000,45.151,117.2175,0.000500,0
31.3500,45.151,117.3009,0.000500,0
31.4000,45.151,117.4093,0.000500,0
31.4500,45.151,117.5417,0.000500,0
31.5000,45.151,117.6972,0.000500,0
31.5500,45.151,117.8747,0.000500,0
31.6000,45.151,118.0729,0.000500,0
31.6500,45.151,118.2903,0.000500,0
31.7000,45.151,118.5255,0.000500,0
31.7500,45.151,118.7767,0.000500,0
31.8000,45.151,119.0421,0.000500,0
31.8500,45.151,119.3198,0.000500,0
31.9000,45.151,119.6077,0.000500,0
31.9500,45.151,119.9039,0.000500,0
32.0000,45.151,120.2061,0.000500,0
32.0500,45.151,120.5121,0.000500,0
32.1000,45.151,120.8199,0.000500,0
32.1500,45.151,121.1270,0.000500,0
32.2000,45.151,121.4314,0.000500,0
32.2500,96.805,89.9851,0.080000,1
32.3000,96.805,90.0407,0.080000,0
32.3500,96.805,90.0778,0.080000,0
32.4000,96.805,90.0960,0.080000,0
32.4500,96.805,90.0953,0.080000,0
32.5000,96.805,90.0757,0.080000,0
32.5500,96.805,90.0373,0.080000,0
32.6000,96.805,89.9804,0.080000,0
32.6500,96.805,89.9054,0.080000,0
32.7000,47.487,89.8129,0.000500,0
32.7500,47.487,89.7034,0.000500,0
32.8000,47.487,89.5779,0.000500,0
32.8500,47.487,89.4371,0.000500,0
32.9000,47.487,89.2822,0.000500,0
32.9500,47.487,89.1142,0.000500,0
33.0000,47.487,88.9344,0.000500,0
33.0500,47.487,88.7440,0.000500,0
33.1000,47.487,88.5445,0.000500,0
33.1500,47.487,88.3372,0.000500,0
33.2000,47.487,88.1237,0.000500,0
33.2500,47.487,87.9055,0.000500,0
33.3000,47.487,87.6842,0.000500,0
33.3500,47.487,87.4614,0.000500,0
33.4000,47.487,87.2387,0.000500,0
33.4500,47.487,87.0176,0.000500,0
33.5000,47.487,86.7999,0.000500,0
33.5500,47.487,86.5870,0.000500,0
33.6000,47.487,86.3805,0.000500,0
33.6500,47.487,86.1819,0.000500,0
33.7000,47.487,85.9927,0.000500,0
33.7500,47.487,85.8141,0.000500,0
33.8000,47.487,85.6475,0.000500,0
33.8500,47.487,85.4941,0.000500,0
33.9000,47.487,85.3550,0.000500,0
33.9500,47.487,85.2312,0.000500,0
34.0000,47.487,85.1236,0.000500,0
34.0500,47.487,85.0330,0.000500,0
34.1000,47.487,84.9600,0.000500,0
34.1500,47.487,84.9051,0.000500,0
34.2000,47.487,84.8688,0.000500,0
34.2500,47.487,84.8513,0.000500,0
34.3000,47.487,84.8528,0.000500,0
34.3500,47.487,84.8731,0.000500,0
34.4000,47.487,84.9123,0.000500,0
34.4500,47.487,84.9699,0.000500,0
34.5000,47.487,85.0456,0.000500,0
34.5500,47.487,85.1389,0.000500,0
34.6000,47.487,85.2490,0.000500,0
34.6500,47.487,85.3752,0.000500,0
34.7000,47.487,85.5165,0.000500,0
34.7500,47.487,85.6720,0.000500,0
34.8000,47.487,85.8404,0.000500,0
34.8500,47.487,86.0207,0.000500,0
34.9000,47.487,86.2115,0.000500,0
34.9500,47.487,86.4113,0.000500,0
35.0000,47.487,86.6189,0.000500,0
35.0500,47.487,86.8326,0.000500,0
35.1000,47.487,87.0510,0.000500,0
35.1500,47.487,87.2724,0.000500,0
35.2000,47.487,87.4952,0.000500,0
35.2500,47.487,87.7179,0.000500,0
35.3000,47.487,87.9389,0.000500,0
35.3500,47.487,88.1564,0.000500,0
35.4000,47.487,88.3691,0.000500,0
35.4500,47.487,88.5753,0.000500,0
35.5000,47.487,88.7735,0.000500,0
35.5500,47.487,88.9624,0.000500,0
35.6000,47.487,89.1405,0.000500,0
35.6500,47.487,89.3066,0.000500,0
35.7000,47.487,89.4594,0.000500,0
35.7500,47.487,89.5979,0.000500,0
35.8000,47.487,89.7211,0.000500,0
35.8500,47.487,89.8280,0.000500,0
35.9000,47.487,89.9179,0.000500,0
35.9500,47.487,89.9902,0.000500,0
36.0000,47.487,90.0444,0.000500,0
36.0500,47.487,90.0799,0.000500,0
36.1000,47.487,90.0967,0.000500,0
36.1500,47.487,90.0945,0.000500,0
36.2000,47.487,90.0733,0.000500,0
36.2500,47.487,90.0334,0.000500,0
36.3000,47.487,89.9751,0.000500,0
36.3500,47.487,89.8986,0.000500,0
36.4000,47.487,89.8047,0.000500,0
36.4500,47.487,89.6939,0.000500,0
36.5000,47.487,89.5671,0.000500,0
36.5500,47.487,89.4252,0.000500,0
36.6000,47.487,89.2692,0.000500,0
36.6500,47.487,89.1002,0.000500,0
36.7000,47.487,88.9195,0.000500,0
36.7500,47.487,88.7284,0.000500,0
36.8000,47.487,88.5282,0.000500,0
36.8500,47.487,88.3203,0.000500,0
36.9000,47.487,88.1064,0.000500,0
36.9500,47.487,87.8879,0.000500,0
37.0000,47.487,87.6664,0.000500,0
37.0500,47.487,87.4435,0.000500,0
37.1000,47.487,87.2209,0.000500,0
37.1500,47.487,87.0000,0.000500,0
37.2000,47.487,86.7826,0.000500,0
37.2500,47.487,86.5702,0.000500,0
37.3000,47.487,86.3643,0.000500,0
37.3500,47.487,86.1664,0.000500,0
37.4000,47.487,85.9779,0.000500,0
37.4500,47.487,85.8003,0.000500,0
37.5000,47.487,85.6347,0.000500,0
37.5500,47.487,85.4824,0.000500,0
37.6000,47.487,85.3445,0.000500,0
37.6500,47.487,85.2220,0.000500,0
37.7000,47.487,85.1157,0.000500,0
37.7500,47.487,85.0265,0.000500,0
37.8000,47.487,84.9549,0.000500,0
37.8500,47.487,84.9015,0.000500,0
37.9000,47.487,84.8667,0.000500,0
37.9500,47.487,84.8507,0.000500,0
38.0000,47.487,84.8537,0.000500,0
38.0500,47.487,84.8756,0.000500,0
38.1000,47.487,84.9162,0.000500,0
38.1500,47.487,84.9753,0.000500,0
38.2000,47.487,85.0525,0.000500,0
38.2500,47.487,85.1471,0.000500,0
38.3000,47.487,85.2585,0.000500,0
38.3500,47.487,85.3859,0.000500,0
38.4000,47.487,85.5284,0.000500,0
38.4500,47.487,85.6850,0.000500,0
38.5000,47.487,85.8545,0.000500,0
38.5500,47.487,86.0356,0.000500,0
38.6000,47.487,86.2272,0.000500,0
38.6500,47.487,86.4277,0.000500,0
38.7000,47.487,86.6358,0.000500,0
38.7500,47.487,86.8500,0.000500,0
38.8000,47.487,87.0686,0.000500,0
38.8500,47.487,87.2902,0.000500,0
38.9000,47.487,87.5131,0.000500,0
38.9500,47.487,87.7357,0.000500,0
39.0000,47.487,87.9565,0.000500,0
39.0500,47.487,88.1737,0.000500,0
39.1000,47.487,88.3859,0.000500,0
39.1500,47.487,88.5915,0.000500,0
39.2000,47.487,88.7890,0.000500,0
39.2500,47.487,88.9771,0.000500,0
39.3000,47.487,89.1543,0.000500,0
39.3500,47.487,89.3193,0.000500,0
39.4000,47.487,89.4710,0.000500,0
39.4500,47.487,89.6084,0.000500,0
39.5000,47.487,89.7302,0.000500,0
39.5500,47.487,89.8358,0.000500,0
39.6000,47.487,89.9244,0.000500,0
39.6500,47.487,89.9952,0.000500,0
39.7000,47.487,90.0479,0.000500,0
39.7500,47.487,90.0819,0.000500,0
39.8000,47.487,90.0972,0.000500,0
39.8500,47.487,90.0935,0.000500,0
39.9000,47.487,90.0708,0.000500,0
39.9500,47.487,90.0294,0.000500,0
40.0000,47.487,89.9696,0.000500,0
40.0500,47.487,89.8918,0.000500,0
40.1000,47.487,89.7964,0.000500,0
40.1500,47.487,89.6843,0.000500,0
40.2000,47.487,89.5563,0.000500,0
40.2500,47.487,89.4132,0.000500,0
40.3000,47.487,89.2561,0.000500,0
40.3500,47.487,89.0862,0.000500,0
40.4000,47.487,88.9046,0.000500,0
40.4500,47.487,88.7126,0.000500,0
40.5000,47.487,88.5118,0.000500,0
40.5500,47.487,88.3034,0.000500,0
40.6000,47.487,88.0890,0.000500,0
40.6500,47.487,87.8702,0.000500,0
40.7000,47.487,87.6486,0.000500,0
40.7500,47.487,87.4256,0.000500,0
40.8000,47.487,87.2031,0.000500,0
40.8500,47.487,86.9824,0.000500,0
40.9000,47.487,86.7654,0.000500,0
40.9500,47.487,86.5534,0.000500,0
41.0000,47.487,86.3481,0.000500,0
41.0500,47.487,86.1509,0.000500,0
41.1000,47.487,85.9633,0.000500,0
41.1500,47.487,85.7865,0.000500,0
41.2000,47.487,85.6220,0.000500,0
41.2500,47.487,85.4708,0.000500,0
41.3000,47.487,85.3341,0.000500,0
41.3500,47.487,85.2129,0.000500,0
41.4000,47.487,85.1079,0.000500,0
41.4500,47.487,85.0201,0.000500,0
41.5000,47.487,84.9500,0.000500,0
41.5500,47.487,84.8981,0.000500,0
41.6000,47.487,84.8647,0.000500,0
41.6500,47.487,84.8503,0.000500,0
41.7000,47.487,84.8548,0.000500,0
41.7500,47.487,84.8781,0.000500,0
41.8000,47.487,84.9203,0.000500,0
41.8500,47.487,84.9808,0.000500,0
41.9000,47.487,85.0594,0.000500,0
41.9500,47.487,85.1554,0.000500,0
42.0000,47.487,85.2682,0.000500,0
42.0500,47.487,85.3968,0.000500,0
42.1000,47.487,85.5405,0.000500,0
42.1500,47.487,85.6981,0.000500,0
42.2000,47.487,85.8686,0.000500,0
42.2500,47.487,86.0506,0.000500,0
42.3000,47.487,86.2429,0.000500,0
42.3500,47.487,86.4441,0.000500,0
42.4000,47.487,86.6528,0.000500,0
42.4500,47.487,86.8673,0.000500,0
42.5000,47.487,87.0863,0.000500,0
42.5500,47.487,87.3080,0.000500,0
42.6000,47.487,87.5310,0.000500,0
42.6500,47.487,87.7535,0.000500,0
42.7000,47.487,87.9740,0.000500,0
42.7500,47.487,88.1909,0.000500,0
42.8000,47.487,88.4026,0.000500,0
42.8500,47.487,88.6077,0.000500,0
42.9000,47.487,88.8045,0.000500,0
42.9500,47.487,88.9917,0.000500,0
43.0000,47.487,89.1680,0.000500,0
43.0500,47.487,89.3320,0.000500,0
43.1000,47.487,89.4826,0.000500,0
43.1500,47.487,89.6187,0.000500,0
43.2000,47.487,89.7393,0.000500,0
43.2500,47.487,89.8436,0.000500,0
43.3000,47.487,89.9307,0.000500,0
43.3500,47.487,90.0001,0.000500,0
43.4000,47.487,90.0513,0.000500,0
43.4500,47.487,90.0839,0.000500,0
43.5000,47.487,90.0976,0.000500,0
43.5500,47.487,90.0923,0.000500,0
43.6000,47.487,90.0682,0.000500,0
43.6500,47.487,90.0253,0.000500,0
43.7000,47.487,89.9640,0.000500,0
43.7500,47.487,89.8847,0.000500,0
43.8000,47.487,89.7881,0.000500,0
43.8500,47.487,89.6747,0.000500,0
43.9000,47.487,89.5454,0.000500,0
43.9500,47.487,89.4011,0.000500,0
44.0000,47.487,89.2430,0.000500,0
44.0500,47.487,89.0720,0.000500,0
44.1000,47.487,88.8895,0.000500,0
44.1500,47.487,88.6968,0.000500,0
44.2000,47.487,88.4953,0.000500,0
44.2500,47.487,88.2864,0.000500,0
44.3000,47.487,88.0716,0.000500,0
44.3500,47.487,87.8525,0.000500,0
44.4000,47.487,87.6307,0.000500,0
44.4500,47.487,87.4078,0.000500,0
44.5000,47.487,87.1853,0.000500,0
44.5500,47.487,86.9649,0.000500,0
44.6000,47.487,86.7482,0.000500,0
44.6500,47.487,86.5367,0.000500,0
44.7000,47.487,86.3320,0.000500,0
44.7500,47.487,86.1355,0.000500,0
44.8000,47.487,85.9487,0.000500,0
44.8500,47.487,85.7729,0.000500,0
44.9000,47.487,85.6094,0.000500,0
44.9500,47.487,85.4593,0.000500,0
45.0000,47.487,85.3238,0.000500,0
45.0500,47.487,85.2038,0.000500,0
45.1000,47.487,85.1003,0.000500,0
45.1500,91.000,54.7917,0.080000,1
45.2000,91.000,54.8825,0.080000,0
45.2500,91.000,54.9823,0.080000,0
45.3000,91.000,55.0904,0.080000,0
45.3500,91.000,55.2062,0.080000,0
45.4000,91.000,55.3286,0.080000,0
45.4500,91.000,55.4569,0.080000,0
45.5000,91.000,55.5902,0.080000,0
45.5500,91.000,55.7273,0.080000,0
45.6000,40.505,55.8675,0.000500,0
45.6500,40.505,56.0096,0.000500,0
45.7000,40.505,56.1526,0.000500,0
45.7500,40.505,56.2955,0.000500,0
45.8000,40.505,56.4373,0.000500,0
45.8500,40.505,56.5769,0.000500,0
45.9000,40.505,56.7134,0.000500,0
45.9500,40.505,56.8457,0.000500,0
46.0000,40.505,56.9729,0.000500,0
46.0500,40.505,57.0941,0.000500,0
46.1000,40.505,57.2083,0.000500,0
46.1500,40.505,57.3149,0.000500,0
46.2000,40.505,57.4129,0.000500,0
46.2500,40.505,57.5017,0.000500,0
46.3000,40.505,57.5807,0.000500,0
46.3500,40.505,57.6493,0.000500,0
46.4000,40.505,57.7070,0.000500,0
46.4500,40.505,57.7533,0.000500,0
46.5000,40.505,57.7880,0.000500,0
46.5500,40.505,57.8107,0.000500,0
46.6000,40.505,57.8214,0.000500,0
46.6500,40.505,57.8199,0.000500,0
46.7000,40.505,57.8063,0.000500,0
46.7500,40.505,57.7807,0.000500,0
46.8000,40.505,57.7431,0.000500,0
46.8500,40.505,57.6940,0.000500,0
46.9000,40.505,57.6337,0.000500,0
46.9500,40.505,57.5625,0.000500,0
47.0000,40.505,57.4811,0.000500,0
47.0500,40.505,57.3900,0.000500,0
47.1000,40.505,57.2898,0.000500,0
47.1500,40.505,57.1813,0.000500,0
47.2000,40.505,57.0653,0.000500,0
47.2500,40.505,56.9426,0.000500,0
47.3000,40.505,56.8141,0.000500,0
47.3500,40.505,56.6807,0.000500,0
47.4000,40.505,56.5434,0.000500,0
47.4500,40.505,56.4031,0.000500,0
47.5000,40.505,56.2610,0.000500,0
47.5500,40.505,56.1179,0.000500,0
47.6000,40.505,55.9750,0.000500,0
47.6500,40.505,55.8333,0.000500,0
47.7000,40.505,55.6938,0.000500,0
47.7500,40.505,55.5575,0.000500,0
47.8000,40.505,55.4254,0.000500,0
47.8500,40.505,55.2984,0.000500,0
47.9000,40.505,55.1775,0.000500,0
47.9500,40.505,55.0635,0.000500,0
48.0000,40.505,54.9573,0.000500,0
48.0500,40.505,54.8596,0.000500,0
48.1000,40.505,54.7712,0.000500,0
48.1500,40.505,54.6926,0.000500,0
48.2000,40.505,54.6244,0.000500,0
48.2500,40.505,54.5672,0.000500,0
48.3000,40.505,54.5214,0.000500,0
48.3500,40.505,54.4872,0.000500,0
48.4000,40.505,54.4649,0.000500,0
48.4500,40.505,54.4547,0.000500,0
48.5000,40.505,54.4567,0.000500,0
48.5500,40.505,54.4708,0.000500,0
48.6000,40.505,54.4969,0.000500,0
48.6500,40.505,54.5349,0.000500,0
48.7000,40.505,54.5845,0.000500,0
48.7500,40.505,54.6452,0.000500,0
48.8000,40.505,54.7168,0.000500,0
48.8500,40.505,54.7986,0.000500,0
48.9000,40.505,54.8901,0.000500,0
48.9500,40.505,54.9907,0.000500,0
49.0000,40.505,55.0995,0.000500,0
49.0500,40.505,55.2158,0.000500,0
49.1000,40.505,55.3387,0.000500,0
49.1500,40.505,55.4674,0.000500,0
49.2000,40.505,55.6010,0.000500,0
49.2500,40.505,55.7385,0.000500,0
49.3000,40.505,55.8788,0.000500,0
49.3500,40.505,56.0210,0.000500,0
49.4000,40.505,56.1641,0.000500,0
49.4500,40.505,56.3069,0.000500,0
49.5000,40.505,56.4486,0.000500,0
49.5500,40.505,56.5880,0.000500,0
49.6000,40.505,56.7242,0.000500,0
49.6500,40.505,56.8561,0.000500,0
49.7000,40.505,56.9828,0.000500,0
49.7500,40.505,57.1035,0.000500,0
49.8000,40.505,57.2172,0.000500,0
49.8500,40.505,57.3230,0.000500,0
49.9000,40.505,57.4204,0.000500,0
49.9500,40.505,57.5084,0.000500,0
50.0000,40.505,57.5866,0.000500,0
50.0500,40.505,57.6543,0.000500,0
50.1000,40.505,57.7111,0.000500,0
50.1500,40.505,57.7565,0.000500,0
50.2000,40.505,57.7902,0.000500,0
50.2500,40.505,57.8120,0.000500,0
50.3000,40.505,57.8217,0.000500,0
50.3500,40.505,57.8193,0.000500,0
50.4000,40.505,57.8047,0.000500,0
50.4500,40.505,57.7781,0.000500,0
50.5000,40.505,57.7396,0.000500,0
50.5500,40.505,57.6896,0.000500,0
50.6000,40.505,57.6284,0.000500,0
50.6500,40.505,57.5564,0.000500,0
50.7000,40.505,57.4741,0.000500,0
50.7500,40.505,57.3823,0.000500,0
50.8000,40.505,57.2814,0.000500,0
50.8500,40.505,57.1723,0.000500,0
50.9000,40.505,57.0557,0.000500,0
50.9500,40.505,56.9325,0.000500,0
51.0000,40.505,56.8036,0.000500,0
51.0500,40.505,56.6698,0.000500,0
51.1000,40.505,56.5322,0.000500,0
51.1500,40.505,56.3918,0.000500,0
51.2000,40.505,56.2495,0.000500,0
51.2500,40.505,56.1065,0.000500,0
51.3000,40.505,55.9636,0.000500,0
51.3500,40.505,55.8220,0.000500,0
51.4000,40.505,55.6827,0.000500,0
51.4500,40.505,55.5467,0.000500,0
51.5000,40.505,55.4150,0.000500,0
51.5500,40.505,55.2885,0.000500,0
51.6000,40.505,55.1681,0.000500,0
51.6500,40.505,55.0547,0.000500,0
51.7000,40.505,54.9492,0.000500,0
51.7500,40.505,54.8522,0.000500,0
51.8000,40.505,54.7645,0.000500,0
51.8500,40.505,54.6867,0.000500,0
51.9000,40.505,54.6194,0.000500,0
51.9500,40.505,54.5631,0.000500,0
52.0000,40.505,54.5182,0.000500,0
52.0500,40.505,54.4849,0.000500,0
52.1000,40.505,54.4636,0.000500,0
52.1500,40.505,54.4544,0.000500,0
52.2000,40.505,54.4573,0.000500,0
52.2500,40.505,54.4724,0.000500,0
52.3000,40.505,54.4995,0.000500,0
52.3500,40.505,54.5384,0.000500,0
52.4000,40.505,54.5889,0.000500,0
52.4500,40.505,54.6506,0.000500,0
52.5000,40.505,54.7230,0.000500,0
52.5500,40.505,54.8056,0.000500,0
52.6000,40.505,54.8979,0.000500,0
52.6500,40.505,54.9991,0.000500,0
52.7000,40.505,55.1085,0.000500,0
52.7500,40.505,55.2254,0.000500,0
52.8000,40.505,55.3488,0.000500,0
52.8500,40.505,55.4780,0.000500,0
52.9000,40.505,55.6119,0.000500,0
52.9500,40.505,55.7496,0.000500,0
53.0000,40.505,55.8902,0.000500,0
53.0500,40.505,56.0325,0.000500,0
53.1000,40.505,56.1756,0.000500,0
53.1500,40.505,56.3184,0.000500,0
53.2000,40.505,56.4599,0.000500,0
53.2500,40.505,56.5991,0.000500,0
53.3000,40.505,56.7349,0.000500,0
53.3500,40.505,56.8665,0.000500,0
53.4000,40.505,56.9928,0.000500,0
53.4500,40.505,57.1129,0.000500,0
53.5000,40.505,57.2259,0.000500,0
53.5500,40.505,57.3312,0.000500,0
53.6000,40.505,57.4278,0.000500,0
53.6500,40.505,57.5151,0.000500,0
53.7000,40.505,57.5924,0.000500,0
53.7500,40.505,57.6593,0.000500,0
53.8000,40.505,57.7152,0.000500,0
53.8500,40.505,57.7596,0.000500,0
53.9000,40.505,57.7924,0.000500,0
53.9500,40.505,57.8133,0.000500,0
54.0000,40.505,57.8220,0.000500,0
54.0500,40.505,57.8186,0.000500,0
54.1000,40.505,57.8030,0.000500,0
54.1500,40.505,57.7754,0.000500,0
54.2000,40.505,57.7360,0.000500,0
54.2500,40.505,57.6851,0.000500,0
54.3000,40.505,57.6230,0.000500,0
54.3500,40.505,57.5502,0.000500,0
54.4000,40.505,57.4671,0.000500,0
54.4500,40.505,57.3745,0.000500,0
54.5000,40.505,57.2730,0.000500,0
54.5500,40.505,57.1632,0.000500,0
54.6000,40.505,57.0461,0.000500,0
54.6500,40.505,56.9224,0.000500,0
54.7000,40.505,56.7930,0.000500,0
54.7500,40.505,56.6589,0.000500,0
54.8000,40.505,56.5211,0.000500,0
54.8500,40.505,56.3804,0.000500,0
54.9000,40.505,56.2381,0.000500,0
54.9500,40.505,56.0950,0.000500,0
55.0000,40.505,55.9522,0.000500,0
55.0500,40.505,55.8108,0.000500,0
55.1000,40.505,55.6717,0.000500,0
55.1500,40.505,55.5360,0.000500,0
55.2000,40.505,55.4046,0.000500,0
55.2500,40.505,55.2786,0.000500,0
55.3000,40.505,55.1587,0.000500,0
55.3500,40.505,55.0459,0.000500,0
55.4000,40.505,54.9411,0.000500,0
55.4500,40.505,54.8448,0.000500,0
55.5000,40.505,54.7579,0.000500,0
55.5500,40.505,54.6809,0.000500,0
55.6000,40.505,54.6145,0.000500,0
55.6500,40.505,54.5591,0.000500,0
55.7000,40.505,54.5151,0.000500,0
55.7500,40.505,54.4828,0.000500,0
55.8000,40.505,54.4624,0.000500,0
55.8500,40.505,54.4542,0.000500,0
55.9000,40.505,54.4581,0.000500,0
55.9500,40.505,54.4741,0.000500,0
56.0000,40.505,54.5022,0.000500,0
56.0500,40.505,54.5421,0.000500,0
56.1000,40.505,54.5935,0.000500,0
56.1500,40.505,54.6560,0.000500,0
56.2000,40.505,54.7293,0.000500,0
56.2500,40.505,54.8127,0.000500,0
56.3000,40.505,54.9057,0.000500,0
56.3500,40.505,55.0076,0.000500,0
56.4000,40.505,55.1176,0.000500,0
56.4500,40.505,55.2350,0.000500,0
56.5000,40.505,55.3590,0.000500,0
56.5500,40.505,55.4886,0.000500,0
56.6000,40.505,55.6228,0.000500,0
56.6500,40.505,55.7608,0.000500,0
56.7000,40.505,55.9015,0.000500,0
56.7500,40.505,56.0439,0.000500,0
56.8000,40.505,56.1870,0.000500,0
56.8500,40.505,56.3298,0.000500,0
56.9000,40.505,56.4711,0.000500,0
56.9500,40.505,56.6101,0.000500,0
57.0000,40.505,56.7456,0.000500,0
57.0500,40.505,56.8768,0.000500,0
57.1000,40.505,57.0026,0.000500,0
57.1500,40.505,57.1222,0.000500,0
57.2000,40.505,57.2347,0.000500,0
57.2500,40.505,57.3392,0.000500,0
57.3000,40.505,57.4351,0.000500,0
57.3500,40.505,57.5217,0.000500,0
57.4000,40.505,57.5982,0.000500,0
57.4500,40.505,57.6642,0.000500,0
57.5000,40.505,57.7192,0.000500,0
57.5500,40.505,57.7627,0.000500,0
57.6000,40.505,57.7945,0.000500,0
57.6500,40.505,57.8144,0.000500,0
57.7000,40.505,57.8222,0.000500,0
57.7500,40.505,57.8178,0.000500,0
57.8000,40.505,57.8012,0.000500,0
57.8500,40.505,57.7727,0.000500,0
57.9000,40.505,57.7324,0.000500,0
57.9500,40.505,57.6805,0.000500,0
58.0000,40.505,57.6175,0.000500,0
58.0500,40.505,57.5439,0.000500,0
58.1000,40.505,57.4600,0.000500,0
58.1500,40.505,57.3667,0.000500,0
58.2000,40.505,57.2644,0.000500,0
58.2500,40.505,57.1541,0.000500,0
58.3000,40.505,57.0364,0.000500,0
58.3500,40.505,56.9122,0.000500,0
58.4000,40.505,56.7824,0.000500,0
58.4500,40.505,56.6480,0.000500,0
58.5000,40.505,56.5099,0.000500,0
58.5500,40.505,56.3691,0.000500,0
58.6000,40.505,56.2266,0.000500,0
58.6500,40.505,56.0835,0.000500,0
58.7000,40.505,55.9408,0.000500,0
58.7500,40.505,55.7995,0.000500,0
58.8000,40.505,55.6607,0.000500,0
58.8500,40.505,55.5253,0.000500,0
58.9000,40.505,55.3943,0.000500,0
58.9500,40.505,55.2687,0.000500,0
59.0000,40.505,55.1494,0.000500,0
59.0500,40.505,55.0372,0.000500,0
59.1000,40.505,54.9330,0.000500,0
59.1500,40.505,54.8375,0.000500,0
59.2000,40.505,54.7513,0.000500,0
59.2500,40.505,54.6752,0.000500,0
59.3000,40.505,54.6097,0.000500,0
59.3500,40.505,54.5551,0.000500,0
59.4000,40.505,54.5121,0.000500,0
59.4500,40.505,54.4807,0.000500,0
59.5000,40.505,54.4613,0.000500,0
59.5500,40.505,54.4541,0.000500,0
59.6000,40.505,54.4589,0.000500,0
59.6500,121.438,120.4674,0.080000,1
59.7000,121.438,120.7575,0.080000,0
59.7500,121.438,121.0561,0.080000,0
59.8000,121.438,121.3609,0.080000,0
59.8500,121.438,121.6698,0.080000,0
59.9000,121.438,121.9805,0.080000,0
59.9500,121.438,122.2908,0.080000,0
60.0000,121.438,122.5984,0.080000,0
60.0500,121.438,122.9011,0.080000,0
60.1000,68.212,123.1968,0.000500,0
60.1500,68.212,123.4833,0.000500,0
60.2000,68.212,123.7585,0.000500,0
60.2500,68.212,124.0204,0.000500,0
60.3000,68.212,124.2672,0.000500,0
60.3500,68.212,124.4971,0.000500,0
60.4000,68.212,124.7084,0.000500,0
60.4500,68.212,124.8995,0.000500,0
60.5000,68.212,125.0692,0.000500,0
60.5500,68.212,125.2161,0.000500,0
60.6000,68.212,125.3393,0.000500,0
60.6500,68.212,125.4378,0.000500,0
60.7000,68.212,125.5109,0.000500,0
60.7500,68.212,125.5581,0.000500,0
60.8000,68.212,125.5791,0.000500,0
60.8500,68.212,125.5736,0.000500,0
60.9000,68.212,125.5418,0.000500,0
60.9500,68.212,125.4838,0.000500,0
61.0000,68.212,125.4002,0.000500,0
61.0500,68.212,125.2914,0.000500,0
61.1000,68.212,125.1583,0.000500,0
61.1500,68.212,125.0018,0.000500,0
61.2000,68.212,124.8231,0.000500,0
61.2500,68.212,124.6235,0.000500,0
61.3000,68.212,124.4043,0.000500,0
61.3500,68.212,124.1672,0.000500,0
61.4000,68.212,123.9140,0.000500,0
61.4500,68.212,123.6463,0.000500,0
61.5000,68.212,123.3662,0.000500,0
61.5500,68.212,123.0757,0.000500,0
61.6000,68.212,122.7768,0.000500,0
61.6500,68.212,122.4718,0.000500,0
61.7000,68.212,122.1628,0.000500,0
61.7500,68.212,121.8521,0.000500,0
61.8000,68.212,121.5419,0.000500,0
61.8500,68.212,121.2344,0.000500,0
61.9000,68.212,120.9319,0.000500,0
61.9500,68.212,120.6366,0.000500,0
62.0000,68.212,120.3505,0.000500,0
62.0500,68.212,120.0758,0.000500,0
62.1000,68.212,119.8144,0.000500,0
62.1500,68.212,119.5683,0.000500,0
62.2000,68.212,119.3391,0.000500,0
62.2500,68.212,119.1286,0.000500,0
62.3000,68.212,118.9383,0.000500,0
62.3500,68.212,118.7695,0.000500,0
62.4000,68.212,118.6235,0.000500,0
62.4500,68.212,118.5013,0.000500,0
62.5000,68.212,118.4038,0.000500,0
62.5500,68.212,118.3317,0.000500,0
62.6000,68.212,118.2856,0.000500,0
62.6500,68.212,118.2657,0.000500,0
62.7000,68.212,118.2722,0.000500,0
62.7500,68.212,118.3051,0.000500,0
62.8000,68.212,118.3641,0.000500,0
62.8500,68.212,118.4488,0.000500,0
62.9000,68.212,118.5585,0.000500,0
62.9500,68.212,118.6926,0.000500,0
63.0000,68.212,118.8500,0.000500,0
63.0500,68.212,119.0295,0.000500,0
63.1000,68.212,119.2300,0.000500,0
63.1500,68.212,119.4499,0.000500,0
63.2000,68.212,119.6876,0.000500,0
63.2500,68.212,119.9415,0.000500,0
63.3000,68.212,120.2097,0.000500,0
63.3500,68.212,120.4903,0.000500,0
63.4000,68.212,120.7812,0.000500,0
63.4500,68.212,121.0803,0.000500,0
63.5000,68.212,121.3856,0.000500,0
63.5500,68.212,121.6947,0.000500,0
63.6000,68.212,122.0054,0.000500,0
63.6500,68.212,122.3156,0.000500,0
63.7000,68.212,122.6229,0.000500,0
63.7500,68.212,122.9251,0.000500,0
63.8000,68.212,123.2201,0.000500,0
63.8500,68.212,123.5058,0.000500,0
63.9000,68.212,123.7800,0.000500,0
63.9500,68.212,124.0408,0.000500,0
64.0000,68.212,124.2863,0.000500,0
64.0500,68.212,124.5147,0.000500,0
64.1000,68.212,124.7245,0.000500,0
64.1500,68.212,124.9139,0.000500,0
64.2000,68.212,125.0818,0.000500,0
64.2500,68.212,125.2269,0.000500,0
64.3000,68.212,125.3481,0.000500,0
64.3500,68.212,125.4446,0.000500,0
64.4000,68.212,125.5157,0.000500,0
64.4500,68.212,125.5608,0.000500,0
64.5000,68.212,125.5796,0.000500,0
64.5500,68.212,125.5720,0.000500,0
64.6000,68.212,125.5381,0.000500,0
64.6500,68.212,125.4781,0.000500,0
64.7000,68.212,125.3924,0.000500,0
64.7500,68.212,125.2816,0.000500,0
64.8000,68.212,125.1466,0.000500,0
64.8500,68.212,124.9883,0.000500,0
64.9000,68.212,124.8079,0.000500,0
64.9500,68.212,124.6066,0.000500,0
65.0000,68.212,124.3859,0.000500,0
65.0500,68.212,124.1475,0.000500,0
65.1000,68.212,123.8930,0.000500,0
65.1500,68.212,123.6243,0.000500,0
65.2000,68.212,123.3433,0.000500,0
65.2500,68.212,123.0520,0.000500,0
65.3000,68.212,122.7526,0.000500,0
65.3500,68.212,122.4471,0.000500,0
65.4000,68.212,122.1379,0.000500,0
65.4500,68.212,121.8272,0.000500,0
65.5000,68.212,121.5171,0.000500,0
65.5500,68.212,121.2099,0.000500,0
65.6000,68.212,120.9079,0.000500,0
65.6500,68.212,120.6133,0.000500,0
65.7000,68.212,120.3280,0.000500,0
65.7500,68.212,120.0543,0.000500,0
65.8000,68.212,119.7941,0.000500,0
65.8500,68.212,119.5492,0.000500,0
65.9000,68.212,119.3215,0.000500,0
65.9500,68.212,119.1126,0.000500,0
66.0000,68.212,118.9239,0.000500,0
66.0500,68.212,118.7569,0.000500,0
66.1000,68.212,118.6128,0.000500,0
66.1500,68.212,118.4926,0.000500,0
66.2000,68.212,118.3971,0.000500,0
66.2500,68.212,118.3271,0.000500,0
66.3000,68.212,118.2830,0.000500,0
66.3500,68.212,118.2652,0.000500,0
66.4000,68.212,118.2739,0.000500,0
66.4500,68.212,118.3088,0.000500,0
66.5000,68.212,118.3699,0.000500,0
66.5500,68.212,118.4566,0.000500,0
66.6000,68.212,118.5684,0.000500,0
66.6500,68.212,118.7044,0.000500,0
66.7000,68.212,118.8636,0.000500,0
66.7500,68.212,119.0449,0.000500,0
66.8000,68.212,119.2469,0.000500,0
66.8500,68.212,119.4683,0.000500,0
66.9000,68.212,119.7074,0.000500,0
66.9500,68.212,119.9625,0.000500,0
67.0000,68.212,120.2318,0.000500,0
67.0500,68.212,120.5133,0.000500,0
67.1000,68.212,120.8049,0.000500,0
67.1500,68.212,121.1046,0.000500,0
67.2000,68.212,121.4102,0.000500,0
67.2500,68.212,121.7195,0.000500,0
67.3000,68.212,122.0303,0.000500,0
67.3500,68.212,122.3403,0.000500,0
67.4000,68.212,122.6473,0.000500,0
67.4500,68.212,122.9491,0.000500,0
67.5000,68.212,123.2434,0.000500,0
67.5500,68.212,123.5282,0.000500,0
67.6000,68.212,123.8014,0.000500,0
67.6500,68.212,124.0611,0.000500,0
67.7000,68.212,124.3053,0.000500,0
67.7500,68.212,124.5323,0.000500,0
67.8000,68.212,124.7404,0.000500,0
67.8500,68.212,124.9282,0.000500,0
67.9000,68.212,125.0943,0.000500,0
67.9500,68.212,125.2375,0.000500,0
68.0000,68.212,125.3568,0.000500,0
68.0500,68.212,125.4512,0.000500,0
68.1000,68.212,125.5202,0.000500,0
68.1500,68.212,125.5632,0.000500,0
68.2000,68.212,125.5800,0.000500,0
68.2500,68.212,125.5703,0.000500,0
68.3000,68.212,125.5342,0.000500,0
68.3500,68.212,125.4721,0.000500,0
68.4000,68.212,125.3844,0.000500,0
68.4500,68.212,125.2717,0.000500,0
68.5000,68.212,125.1347,0.000500,0
68.5500,68.212,124.9746,0.000500,0
68.6000,68.212,124.7925,0.000500,0
68.6500,68.212,124.5896,0.000500,0
68.7000,68.212,124.3675,0.000500,0
68.7500,68.212,124.1277,0.000500,0
68.8000,68.212,123.8720,0.000500,0
68.8500,68.212,123.6022,0.000500,0
68.9000,68.212,123.3203,0.000500,0
68.9500,68.212,123.0283,0.000500,0
69.0000,68.212,122.7283,0.000500,0
69.0500,68.212,122.4225,0.000500,0
69.1000,68.212,122.1130,0.000500,0
69.1500,68.212,121.8023,0.000500,0
69.2000,68.212,121.4923,0.000500,0
69.2500,68.212,121.1855,0.000500,0
69.3000,68.212,120.8840,0.000500,0
69.3500,68.212,120.5900,0.000500,0
69.4000,68.212,120.3056,0.000500,0
69.4500,68.212,120.0329,0.000500,0
69.5000,68.212,119.7739,0.000500,0
69.5500,68.212,119.5303,0.000500,0
69.6000,68.212,119.3041,0.000500,0
69.6500,68.212,119.0967,0.000500,0
69.7000,68.212,118.9097,0.000500,0
69.7500,68.212,118.7445,0.000500,0
69.8000,68.212,118.6023,0.000500,0
69.8500,68.212,118.4840,0.000500,0
69.9000,68.212,118.3905,0.000500,0
69.9500,68.212,118.3226,0.000500,0
70.0000,68.212,118.2806,0.000500,0
70.0500,68.212,118.2650,0.000500,0
70.1000,68.212,118.2757,0.000500,0
70.1500,68.212,118.3128,0.000500,0
70.2000,68.212,118.3759,0.000500,0
70.2500,68.212,118.4647,0.000500,0
70.3000,68.212,118.5784,0.000500,0
70.3500,68.212,118.7163,0.000500,0
70.4000,68.212,118.8773,0.000500,0
70.4500,68.212,119.0603,0.000500,0
70.5000,68.212,119.2640,0.000500,0
70.5500,68.212,119.4869,0.000500,0
70.6000,68.212,119.7273,0.000500,0
70.6500,68.212,119.9836,0.000500,0
70.7000,68.212,120.2539,0.000500,0
70.7500,68.212,120.5363,0.000500,0
70.8000,68.212,120.8287,0.000500,0
70.8500,68.212,121.1289,0.000500,0
70.9000,68.212,121.4349,0.000500,0
70.9500,68.212,121.7444,0.000500,0
71.0000,68.212,122.0552,0.000500,0
71.0500,68.212,122.3651,0.000500,0
71.1000,68.212,122.6717,0.000500,0
71.1500,68.212,122.9730,0.000500,0
71.2000,68.212,123.2666,0.000500,0
71.2500,68.212,123.5506,0.000500,0
71.3000,68.212,123.8228,0.000500,0
71.3500,68.212,124.0812,0.000500,0
71.4000,68.212,124.3241,0.000500,0
71.4500,68.212,124.5497,0.000500,0
71.5000,68.212,124.7562,0.000500,0
71.5500,68.212,124.9424,0.000500,0
71.6000,68.212,125.1067,0.000500,0
71.6500,68.212,125.2480,0.000500,0
71.7000,68.212,125.3653,0.000500,0
71.7500,68.212,125.4577,0.000500,0
71.8000,68.212,125.5246,0.000500,0
71.8500,68.212,125.5656,0.000500,0
71.9000,68.212,125.5802,0.000500,0
71.9500,68.212,125.5683,0.000500,0
72.0000,68.212,125.5302,0.000500,0
72.0500,68.212,125.4660,0.000500,0
72.1000,68.212,125.3763,0.000500,0
72.1500,68.212,125.2616,0.000500,0
72.2000,68.212,125.1227,0.000500,0
72.2500,68.212,124.9608,0.000500,0
72.3000,68.212,124.7770,0.000500,0
72.3500,68.212,124.5725,0.000500,0
72.4000,68.212,124.3489,0.000500,0
72.4500,68.212,124.1077,0.000500,0
72.5000,68.212,123.8508,0.000500,0
72.5500,68.212,123.5800,0.000500,0
72.6000,68.212,123.2972,0.000500,0
72.6500,68.212,123.0045,0.000500,0
72.7000,68.212,122.7039,0.000500,0
72.7500,68.212,122.3978,0.000500,0
72.8000,68.212,122.0881,0.000500,0
72.8500,68.212,121.7773,0.000500,0
72.9000,68.212,121.4676,0.000500,0
72.9500,68.212,121.1611,0.000500,0
73.0000,68.212,120.8601,0.000500,0
73.0500,68.212,120.5668,0.000500,0
73.1000,68.212,120.2833,0.000500,0
73.1500,68.212,120.0116,0.000500,0
73.2000,68.212,119.7537,0.000500,0
73.2500,68.212,119.5115,0.000500,0
73.3000,68.212,119.2867,0.000500,0
73.3500,68.212,119.0809,0.000500,0
73.4000,68.212,118.8957,0.000500,0
73.4500,68.212,118.7323,0.000500,0
73.5000,68.212,118.5919,0.000500,0
73.5500,68.212,118.4756,0.000500,0
73.6000,68.212,118.3841,0.000500,0
73.6500,68.212,118.3182,0.000500,0
73.7000,68.212,118.2784,0.000500,0
73.7500,68.212,118.2648,0.000500,0
73.8000,68.212,118.2777,0.000500,0
73.8500,68.212,118.3169,0.000500,0
73.9000,68.212,118.3821,0.000500,0
73.9500,68.212,118.4729,0.000500,0
74.0000,68.212,118.5886,0.000500,0
74.0500,95.410,93.3728,0.080000,1
74.1000,95.410,93.6113,0.080000,0
74.1500,95.410,93.8492,0.080000,0
74.2000,95.410,94.0850,0.080000,0
74.2500,95.410,94.3169,0.080000,0
74.3000,95.410,94.5432,0.080000,0
74.3500,95.410,94.7623,0.080000,0
74.4000,95.410,94.9726,0.080000,0
74.4500,95.410,95.1727,0.080000,0
74.5000,48.985,95.3610,0.000500,0
74.5500,48.985,95.5362,0.000500,0
74.6000,48.985,95.6970,0.000500,0
74.6500,48.985,95.8423,0.000500,0
74.7000,48.985,95.9711,0.000500,0
74.7500,48.985,96.0823,0.000500,0
74.8000,48.985,96.1752,0.000500,0
74.8500,48.985,96.2491,0.000500,0
74.9000,48.985,96.3035,0.000500,0
74.9500,48.985,96.3380,0.000500,0
75.0000,48.985,96.3524,0.000500,0
75.0500,48.985,96.3464,0.000500,0
75.1000,48.985,96.3203,0.000500,0
75.1500,48.985,96.2741,0.000500,0
75.2000,48.985,96.2083,0.000500,0
75.2500,48.985,96.1232,0.000500,0
75.3000,48.985,96.0195,0.000500,0
75.3500,48.985,95.8980,0.000500,0
75.4000,48.985,95.7594,0.000500,0
75.4500,48.985,95.6049,0.000500,0
75.5000,48.985,95.4356,0.000500,0
75.5500,48.985,95.2526,0.000500,0
75.6000,48.985,95.0572,0.000500,0
75.6500,48.985,94.8510,0.000500,0
75.7000,48.985,94.6353,0.000500,0
75.7500,48.985,94.4118,0.000500,0
75.8000,48.985,94.1821,0.000500,0
75.8500,48.985,93.9477,0.000500,0
75.9000,48.985,93.7104,0.000500,0
75.9500,48.985,93.4720,0.000500,0
76.0000,48.985,93.2341,0.000500,0
76.0500,48.985,92.9984,0.000500,0
76.1000,48.985,92.7668,0.000500,0
76.1500,48.985,92.5407,0.000500,0
76.2000,48.985,92.3219,0.000500,0
76.2500,48.985,92.1119,0.000500,0
76.3000,48.985,91.9123,0.000500,0
76.3500,48.985,91.7245,0.000500,0
76.4000,48.985,91.5499,0.000500,0
76.4500,48.985,91.3897,0.000500,0
76.5000,48.985,91.2450,0.000500,0
76.5500,48.985,91.1170,0.000500,0
76.6000,48.985,91.0065,0.000500,0
76.6500,48.985,90.9143,0.000500,0
76.7000,48.985,90.8411,0.000500,0
76.7500,48.985,90.7875,0.000500,0
76.8000,48.985,90.7538,0.000500,0
76.8500,48.985,90.7403,0.000500,0
76.9000,48.985,90.7470,0.000500,0
76.9500,48.985,90.7740,0.000500,0
77.0000,48.985,90.8209,0.000500,0
77.0500,48.985,90.8876,0.000500,0
77.1000,48.985,90.9734,0.000500,0
77.1500,48.985,91.0778,0.000500,0
77.2000,48.985,91.2001,0.000500,0
77.2500,48.985,91.3393,0.000500,0
77.3000,48.985,91.4944,0.000500,0
77.3500,48.985,91.6643,0.000500,0
77.4000,48.985,91.8478,0.000500,0
77.4500,48.985,92.0436,0.000500,0
77.5000,48.985,92.2503,0.000500,0
77.5500,48.985,92.4663,0.000500,0
77.6000,48.985,92.6901,0.000500,0
77.6500,48.985,92.9201,0.000500,0
77.7000,48.985,93.1546,0.000500,0
77.7500,48.985,93.3919,0.000500,0
77.8000,48.985,93.6304,0.000500,0
77.8500,48.985,93.8682,0.000500,0
77.9000,48.985,94.1037,0.000500,0
77.9500,48.985,94.3352,0.000500,0
78.0000,48.985,94.5610,0.000500,0
78.0500,48.985,94.7795,0.000500,0
78.1000,48.985,94.9891,0.000500,0
78.1500,48.985,95.1882,0.000500,0
78.2000,48.985,95.3755,0.000500,0
78.2500,48.985,95.5496,0.000500,0
78.3000,48.985,95.7093,0.000500,0
78.3500,48.985,95.8533,0.000500,0
78.4000,48.985,95.9806,0.000500,0
78.4500,48.985,96.0904,0.000500,0
78.5000,48.985,96.1818,0.000500,0
78.5500,48.985,96.2542,0.000500,0
78.6000,48.985,96.3070,0.000500,0
78.6500,48.985,96.3399,0.000500,0
78.7000,48.985,96.3526,0.000500,0
78.7500,48.985,96.3451,0.000500,0
78.8000,48.985,96.3173,0.000500,0
78.8500,48.985,96.2696,0.000500,0
78.9000,48.985,96.2022,0.000500,0
78.9500,48.985,96.1156,0.000500,0
79.0000,48.985,96.0104,0.000500,0
79.0500,48.985,95.8875,0.000500,0
79.1000,48.985,95.7476,0.000500,0
79.1500,48.985,95.5919,0.000500,0
79.2000,48.985,95.4214,0.000500,0
79.2500,48.985,95.2373,0.000500,0
79.3000,48.985,95.0411,0.000500,0
79.3500,48.985,94.8340,0.000500,0
79.4000,48.985,94.6177,0.000500,0
79.4500,48.985,94.3936,0.000500,0
79.5000,48.985,94.1634,0.000500,0
79.5500,48.985,93.9288,0.000500,0
79.6000,48.985,93.6913,0.000500,0
79.6500,48.985,93.4529,0.000500,0
79.7000,48.985,93.2151,0.000500,0
79.7500,48.985,92.9797,0.000500,0
79.8000,48.985,92.7484,0.000500,0
79.8500,48.985,92.5229,0.000500,0
79.9000,48.985,92.3047,0.000500,0
79.9500,48.985,92.0955,0.000500,0
80.0000,48.985,91.8968,0.000500,0
80.0500,48.985,91.7100,0.000500,0
80.1000,48.985,91.5365,0.000500,0
80.1500,48.985,91.3775,0.000500,0
80.2000,48.985,91.2341,0.000500,0
80.2500,48.985,91.1074,0.000500,0
80.3000,48.985,90.9984,0.000500,0
80.3500,48.985,90.9077,0.000500,0
80.4000,48.985,90.8361,0.000500,0
80.4500,48.985,90.7841,0.000500,0
80.5000,48.985,90.7520,0.000500,0
80.5500,48.985,90.7401,0.000500,0
80.6000,48.985,90.7484,0.000500,0
80.6500,48.985,90.7770,0.000500,0
80.7000,48.985,90.8256,0.000500,0
80.7500,48.985,90.8938,0.000500,0
80.8000,48.985,90.9811,0.000500,0
80.8500,48.985,91.0870,0.000500,0
80.9000,48.985,91.2106,0.000500,0
80.9500,48.985,91.3511,0.000500,0
81.0000,48.985,91.5075,0.000500,0
81.0500,48.985,91.6785,0.000500,0
81.1000,48.985,91.8631,0.000500,0
81.1500,48.985,92.0598,0.000500,0
81.2000,48.985,92.2673,0.000500,0
81.2500,48.985,92.4840,0.000500,0
81.3000,48.985,92.7083,0.000500,0
81.3500,48.985,92.9387,0.000500,0
81.4000,48.985,93.1735,0.000500,0
81.4500,48.985,93.4110,0.000500,0
81.5000,48.985,93.6495,0.000500,0
81.5500,48.985,93.8872,0.000500,0
81.6000,48.985,94.1225,0.000500,0
81.6500,48.985,94.3536,0.000500,0
81.7000,48.985,94.5788,0.000500,0
81.7500,48.985,94.7967,0.000500,0
81.8000,48.985,95.0055,0.000500,0
81.8500,48.985,95.2037,0.000500,0
81.9000,48.985,95.3900,0.000500,0
81.9500,48.985,95.5630,0.000500,0
82.0000,48.985,95.7214,0.000500,0
82.0500,48.985,95.8641,0.000500,0
82.1000,48.985,95.9901,0.000500,0
82.1500,48.985,96.0984,0.000500,0
82.2000,48.985,96.1883,0.000500,0
82.2500,48.985,96.2592,0.000500,0
82.3000,48.985,96.3104,0.000500,0
82.3500,48.985,96.3417,0.000500,0
82.4000,48.985,96.3528,0.000500,0
82.4500,48.985,96.3436,0.000500,0
82.5000,48.985,96.3142,0.000500,0
82.5500,48.985,96.2649,0.000500,0
82.6000,48.985,96.1959,0.000500,0
82.6500,48.985,96.1078,0.000500,0
82.7000,48.985,96.0012,0.000500,0
82.7500,48.985,95.8769,0.000500,0
82.8000,48.985,95.7357,0.000500,0
82.8500,48.985,95.5788,0.000500,0
82.9000,48.985,95.4071,0.000500,0
82.9500,48.985,95.2220,0.000500,0
83.0000,48.985,95.0249,0.000500,0
83.0500,48.985,94.8170,0.000500,0
83.1000,48.985,94.6000,0.000500,0
83.1500,48.985,94.3754,0.000500,0
83.2000,48.985,94.1447,0.000500,0
83.2500,48.985,93.9098,0.000500,0
83.3000,48.985,93.6722,0.000500,0
83.3500,48.985,93.4338,0.000500,0
83.4000,48.985,93.1961,0.000500,0
83.4500,48.985,92.9610,0.000500,0
83.5000,48.985,92.7301,0.000500,0
83.5500,48.985,92.5051,0.000500,0
83.6000,48.985,92.2876,0.000500,0
83.6500,48.985,92.0792,0.000500,0
83.7000,48.985,91.8814,0.000500,0
83.7500,48.985,91.6956,0.000500,0
83.8000,48.985,91.5232,0.000500,0
83.8500,48.985,91.3654,0.000500,0
83.9000,48.985,91.2233,0.000500,0
83.9500,48.985,91.0980,0.000500,0
84.0000,48.985,90.9904,0.000500,0
84.0500,48.985,90.9013,0.000500,0
84.1000,48.985,90.8312,0.000500,0
84.1500,48.985,90.7808,0.000500,0
84.2000,48.985,90.7503,0.000500,0
84.2500,48.985,90.7400,0.000500,0
84.3000,48.985,90.7500,0.000500,0
84.3500,48.985,90.7802,0.000500,0
84.4000,48.985,90.8303,0.000500,0
84.4500,48.985,90.9001,0.000500,0
84.5000,48.985,90.9889,0.000500,0
84.5500,48.985,91.0962,0.000500,0
84.6000,48.985,91.2213,0.000500,0
84.6500,48.985,91.3631,0.000500,0
84.7000,48.985,91.5207,0.000500,0
84.7500,48.985,91.6929,0.000500,0
84.8000,48.985,91.8784,0.000500,0
84.8500,48.985,92.0761,0.000500,0
84.9000,48.985,92.2843,0.000500,0
84.9500,48.985,92.5017,0.000500,0
85.0000,48.985,92.7266,0.000500,0
85.0500,48.985,92.9574,0.000500,0
85.1000,48.985,93.1925,0.000500,0
85.1500,48.985,93.4301,0.000500,0
85.2000,48.985,93.6686,0.000500,0
85.2500,48.985,93.9062,0.000500,0
85.3000,48.985,94.1412,0.000500,0
85.3500,48.985,94.3719,0.000500,0
85.4000,48.985,94.5966,0.000500,0
85.4500,48.985,94.8138,0.000500,0
85.5000,48.985,95.0218,0.000500,0
85.5500,48.985,95.2191,0.000500,0
85.6000,48.985,95.4044,0.000500,0
85.6500,48.985,95.5762,0.000500,0
85.7000,48.985,95.7334,0.000500,0
85.7500,48.985,95.8748,0.000500,0
85.8000,48.985,95.9994,0.000500,0
85.8500,48.985,96.1063,0.000500,0
85.9000,48.985,96.1947,0.000500,0
85.9500,48.985,96.2640,0.000500,0
86.0000,48.985,96.3136,0.000500,0
86.0500,48.985,96.3433,0.000500,0
86.1000,48.985,96.3528,0.000500,0
86.1500,48.985,96.3420,0.000500,0
86.2000,48.985,96.3110,0.000500,0
86.2500,48.985,96.2601,0.000500,0
86.3000,48.985,96.1896,0.000500,0
86.3500,48.985,96.0999,0.000500,0
86.4000,48.985,95.9919,0.000500,0
86.4500,48.985,95.8662,0.000500,0
86.5000,48.985,95.7237,0.000500,0
86.5500,48.985,95.5655,0.000500,0
86.6000,86.017,86.5519,0.080000,1
86.6500,86.017,86.3410,0.080000,0
86.7000,86.017,86.1369,0.080000,0
86.7500,86.017,85.9411,0.080000,0
86.8000,86.017,85.7549,0.080000,0
86.8500,86.017,85.5797,0.080000,0
86.9000,86.017,85.4168,0.080000,0
86.9500,86.017,85.2674,0.080000,0
87.0000,86.017,85.1325,0.080000,0
87.0500,55.035,85.0131,0.000500,0
87.1000,55.035,84.9101,0.000500,0
87.1500,55.035,84.8242,0.000500,0
87.2000,55.035,84.7561,0.000500,0
87.2500,55.035,84.7062,0.000500,0
87.3000,55.035,84.6748,0.000500,0
87.3500,55.035,84.6623,0.000500,0
87.4000,55.035,84.6687,0.000500,0
87.4500,55.035,84.6939,0.000500,0
87.5000,55.035,84.7378,0.000500,0
87.5500,55.035,84.8001,0.000500,0
87.6000,55.035,84.8803,0.000500,0
87.6500,55.035,84.9778,0.000500,0
87.7000,55.035,85.0919,0.000500,0
87.7500,55.035,85.2219,0.000500,0
87.8000,55.035,85.3667,0.000500,0
87.8500,55.035,85.5253,0.000500,0
87.9000,55.035,85.6966,0.000500,0
87.9500,55.035,85.8793,0.000500,0
88.0000,55.035,86.0722,0.000500,0
88.0500,55.035,86.2738,0.000500,0
88.1000,55.035,86.4826,0.000500,0
88.1500,55.035,86.6972,0.000500,0
88.2000,55.035,86.9160,0.000500,0
88.2500,55.035,87.1375,0.000500,0
88.3000,55.035,87.3600,0.000500,0
88.3500,55.035,87.5819,0.000500,0
88.4000,55.035,87.8016,0.000500,0
88.4500,55.035,88.0176,0.000500,0
88.5000,55.035,88.2282,0.000500,0
88.5500,55.035,88.4320,0.000500,0
88.6000,55.035,88.6275,0.000500,0
88.6500,55.035,88.8133,0.000500,0
88.7000,55.035,88.9879,0.000500,0
88.7500,55.035,89.1503,0.000500,0
88.8000,55.035,89.2992,0.000500,0
88.8500,55.035,89.4335,0.000500,0
88.9000,55.035,89.5522,0.000500,0
88.9500,55.035,89.6545,0.000500,0
89.0000,55.035,89.7397,0.000500,0
89.0500,55.035,89.8072,0.000500,0
89.1000,55.035,89.8564,0.000500,0
89.1500,55.035,89.8869,0.000500,0
89.2000,55.035,89.8987,0.000500,0
89.2500,55.035,89.8916,0.000500,0
89.3000,55.035,89.8656,0.000500,0
89.3500,55.035,89.8209,0.000500,0
89.4000,55.035,89.7579,0.000500,0
89.4500,55.035,89.6771,0.000500,0
89.5000,55.035,89.5789,0.000500,0
89.5500,55.035,89.4641,0.000500,0
89.6000,55.035,89.3335,0.000500,0
89.6500,55.035,89.1881,0.000500,0
89.7000,55.035,89.0290,0.000500,0
89.7500,55.035,88.8572,0.000500,0
89.8000,55.035,88.6740,0.000500,0
89.8500,55.035,88.4808,0.000500,0
89.9000,55.035,88.2789,0.000500,0
89.9500,55.035,88.0698,0.000500,0
