scenario,cca,goodput_mean,goodput_std,p95_mean,p95_std,loss_mean,n
leo_fast_ho,BBRv3approx,70.88189866666667,11.470543079196283,138.83293205525692,33.02355999738642,0.01473490169902705,5
leo_fast_ho,CUBIC,5.472512,0.8610311838255337,124.80640476659596,13.594684650474065,0.0017419674653645911,5
leo_fast_ho,LeoAware,76.27264,7.661361622409775,147.39044382947944,35.97624453920144,0.009700227433731093,5
leo_single,BBRv3approx,58.38786133333333,8.184883526076053,131.32680170249688,28.735776245560697,0.015969031322203554,5
leo_single,CUBIC,7.409024,1.4247727892591624,132.71971483591628,25.74780012187097,0.0008844511346069401,5
leo_single,LeoAware,57.24663466666666,9.579464504085344,133.98836363211203,21.09085806143375,0.005929588684194849,5
terrestrial,BBRv3approx,78.812128,0.0019179989572467814,40.0,0.0,0.012272010365802909,5
terrestrial,CUBIC,13.915808000000002,0.8774463413337595,40.0,0.0,0.0005192575020772632,5
terrestrial,LeoAware,78.21856,0.1022777395135436,40.0,0.0,0.00735794213284952,5
