t_s,rtt_ms,owd_ms,capacity_mbps,udp_sat_mbps,loss_p,reconfig
0.0000,56.000,28.000,164.8800,164.8800,0.000100,0
0.0500,64.000,32.000,264.9600,264.9600,0.000100,0
0.1000,64.000,32.000,336.0000,336.0000,0.000100,0
0.1500,60.000,30.000,340.0800,340.0800,0.000100,0
0.2000,60.000,30.000,336.4800,336.4800,0.000100,0
0.2500,56.000,28.000,338.1600,338.1600,0.000100,0
0.3000,50.000,25.000,337.6800,337.6800,0.000100,0
0.3500,48.000,24.000,340.3200,340.3200,0.000100,0
0.4000,50.000,25.000,336.0000,336.0000,0.000100,0
0.4500,50.000,25.000,340.8000,340.8000,0.000100,0
0.5000,48.000,24.000,335.5200,335.5200,0.000100,0
0.5500,54.000,27.000,225.8400,225.8400,0.000100,0
0.6000,48.000,24.000,31.6800,31.6800,0.000100,0
0.6500,58.000,29.000,131.7600,131.7600,0.000100,0
0.7000,58.000,29.000,235.6800,235.6800,0.000100,0
0.7500,54.000,27.000,405.6000,405.6000,0.000100,0
0.8000,50.000,25.000,402.9600,402.9600,0.000100,0
0.8500,50.000,25.000,401.7600,401.7600,0.000100,0
0.9000,52.000,26.000,457.6800,457.6800,0.000100,0
0.9500,52.000,26.000,413.5200,413.5200,0.000100,0
1.0000,52.000,26.000,428.4000,428.4000,0.000100,0
1.0500,46.000,23.000,444.9600,444.9600,0.000100,0
1.1000,52.000,26.000,428.1600,428.1600,0.000100,0
1.1500,52.000,26.000,445.2000,445.2000,0.000100,0
1.2000,50.000,25.000,426.9600,426.9600,0.000100,0
1.2500,50.000,25.000,444.7200,444.7200,0.000100,0
1.3000,46.000,23.000,428.6400,428.6400,0.000100,0
1.3500,50.000,25.000,444.2400,444.2400,0.000100,0
1.4000,52.000,26.000,420.2400,420.2400,0.000100,0
1.4500,52.000,26.000,452.6400,452.6400,0.000100,0
1.5000,50.000,25.000,418.5600,418.5600,0.000100,0
1.5500,50.000,25.000,414.2400,414.2400,0.000100,0
1.6000,52.000,26.000,452.6400,452.6400,0.000100,0
1.6500,50.000,25.000,416.8800,416.8800,0.000100,0
1.7000,50.000,25.000,427.6800,427.6800,0.000100,0
1.7500,48.000,24.000,445.2000,445.2000,0.000100,0
1.8000,58.000,29.000,428.4000,428.4000,0.000100,0
1.8500,50.000,25.000,443.7600,443.7600,0.000100,0
1.9000,54.000,27.000,426.7200,426.7200,0.000100,0
1.9500,50.000,25.000,444.7200,444.7200,0.000100,0
2.0000,52.000,26.000,420.0000,420.0000,0.000100,0
2.0500,50.000,25.000,453.1200,453.1200,0.000100,0
2.1000,50.000,25.000,416.8800,416.8800,0.000100,0
2.1500,50.000,25.000,416.1600,416.1600,0.000100,0
2.2000,50.000,25.000,456.2400,456.2400,0.000100,0
2.2500,50.000,25.000,417.8400,417.8400,0.000100,0
2.3000,52.000,26.000,428.6400,428.6400,0.000100,0
2.3500,48.000,24.000,444.0000,444.0000,0.000100,0
2.4000,54.000,27.000,428.4000,428.4000,0.000100,0
2.4500,48.000,24.000,444.9600,444.9600,0.000100,0
2.5000,52.000,26.000,427.6800,427.6800,0.000100,0
2.5500,52.000,26.000,444.4800,444.4800,0.000100,0
2.6000,46.000,23.000,416.6400,416.6400,0.000100,0
2.6500,50.000,25.000,454.0800,454.0800,0.000100,0
2.7000,50.000,25.000,417.3600,417.3600,0.000100,0
2.7500,52.000,26.000,418.5600,418.5600,0.000100,0
2.8000,52.000,26.000,453.6000,453.6000,0.000100,0
2.8500,52.000,26.000,418.0800,418.0800,0.000100,0
2.9000,52.000,26.000,405.3600,405.3600,0.000100,0
2.9500,52.000,26.000,374.4000,374.4000,0.000100,0
3.0000,50.000,25.000,361.2000,361.2000,0.000100,0
3.0500,50.000,25.000,373.2000,373.2000,0.000100,0
3.1000,46.000,23.000,360.7200,360.7200,0.000100,0
3.1500,50.000,25.000,374.1600,374.1600,0.000100,0
3.2000,50.000,25.000,359.7600,359.7600,0.000100,0
3.2500,46.000,23.000,391.9200,391.9200,0.000100,0
3.3000,52.000,26.000,399.1200,399.1200,0.000100,0
3.3500,50.000,25.000,438.0000,438.0000,0.000100,0
3.4000,50.000,25.000,400.5600,400.5600,0.000100,0
3.4500,52.000,26.000,404.4000,404.4000,0.000100,0
3.5000,50.000,25.000,435.6000,435.6000,0.000100,0
3.5500,50.000,25.000,402.2400,402.2400,0.000100,0
3.6000,50.000,25.000,409.9200,409.9200,0.000100,0
3.6500,50.000,25.000,427.2000,427.2000,0.000100,0
3.7000,50.000,25.000,410.4000,410.4000,0.000100,0
3.7500,52.000,26.000,426.0000,426.0000,0.000100,0
3.8000,52.000,26.000,411.6000,411.6000,0.000100,0
3.8500,50.000,25.000,427.6800,427.6800,0.000100,0
3.9000,52.000,26.000,398.6400,398.6400,0.000100,0
3.9500,50.000,25.000,435.1200,435.1200,0.000100,0
4.0000,54.000,27.000,396.4800,396.4800,0.000100,0
4.0500,52.000,26.000,400.8000,400.8000,0.000100,0
4.1000,46.000,23.000,433.9200,433.9200,0.000100,0
4.1500,50.000,25.000,403.6800,403.6800,0.000100,0
4.2000,52.000,26.000,412.0800,412.0800,0.000100,0
4.2500,46.000,23.000,440.4000,440.4000,0.000100,0
4.3000,54.000,27.000,427.6800,427.6800,0.000100,0
4.3500,52.000,26.000,428.4000,428.4000,0.000100,0
4.4000,50.000,25.000,412.8000,412.8000,0.000100,0
4.4500,50.000,25.000,428.1600,428.1600,0.000100,0
4.5000,52.000,26.000,399.8400,399.8400,0.000100,0
4.5500,54.000,27.000,436.5600,436.5600,0.000100,0
4.6000,58.000,29.000,400.5600,400.5600,0.000100,0
4.6500,50.000,25.000,404.1600,404.1600,0.000100,0
4.7000,50.000,25.000,435.8400,435.8400,0.000100,0
4.7500,50.000,25.000,404.4000,404.4000,0.000100,0
4.8000,50.000,25.000,410.6400,410.6400,0.000100,0
4.8500,48.000,24.000,428.1600,428.1600,0.000100,0
4.9000,52.000,26.000,410.6400,410.6400,0.000100,0
4.9500,48.000,24.000,425.5200,425.5200,0.000100,0
5.0000,54.000,27.000,412.0800,412.0800,0.000100,0
5.0500,50.000,25.000,424.8000,424.8000,0.000100,0
5.1000,52.000,26.000,413.5200,413.5200,0.000100,0
5.1500,46.000,23.000,424.5600,424.5600,0.000100,0
5.2000,52.000,26.000,400.5600,400.5600,0.000100,0
5.2500,50.000,25.000,439.2000,439.2000,0.000100,0
5.3000,54.000,27.000,400.3200,400.3200,0.000100,0
5.3500,50.000,25.000,404.4000,404.4000,0.000100,0
5.4000,50.000,25.000,434.4000,434.4000,0.000100,0
5.4500,50.000,25.000,405.1200,405.1200,0.000100,0
5.5000,50.000,25.000,413.0400,413.0400,0.000100,0
5.5500,48.000,24.000,425.7600,425.7600,0.000100,0
5.6000,50.000,25.000,411.6000,411.6000,0.000100,0
5.6500,52.000,26.000,423.3600,423.3600,0.000100,0
5.7000,50.000,25.000,413.5200,413.5200,0.000100,0
5.7500,48.000,24.000,420.7200,420.7200,0.000100,0
5.8000,52.000,26.000,399.1200,399.1200,0.000100,0
5.8500,54.000,27.000,437.7600,437.7600,0.000100,0
5.9000,50.000,25.000,399.6000,399.6000,0.000100,0
5.9500,50.000,25.000,404.6400,404.6400,0.000100,0
6.0000,48.000,24.000,433.4400,433.4400,0.000100,0
6.0500,50.000,25.000,405.1200,405.1200,0.000100,0
6.1000,52.000,26.000,414.0000,414.0000,0.000100,0
6.1500,46.000,23.000,426.0000,426.0000,0.000100,0
6.2000,50.000,25.000,413.5200,413.5200,0.000100,0
6.2500,52.000,26.000,424.8000,424.8000,0.000100,0
6.3000,54.000,27.000,413.7600,413.7600,0.000100,0
6.3500,50.000,25.000,426.2400,426.2400,0.000100,0
6.4000,50.000,25.000,398.1600,398.1600,0.000100,0
6.4500,46.000,23.000,441.3600,441.3600,0.000100,0
6.5000,50.000,25.000,397.9200,397.9200,0.000100,0
6.5500,50.000,25.000,404.8800,404.8800,0.000100,0
6.6000,46.000,23.000,432.9600,432.9600,0.000100,0
6.6500,50.000,25.000,404.4000,404.4000,0.000100,0
6.7000,54.000,27.000,414.0000,414.0000,0.000100,0
6.7500,46.000,23.000,425.7600,425.7600,0.000100,0
6.8000,50.000,25.000,413.0400,413.0400,0.000100,0
6.8500,48.000,24.000,424.8000,424.8000,0.000100,0
6.9000,46.000,23.000,412.5600,412.5600,0.000100,0
6.9500,52.000,26.000,423.6000,423.6000,0.000100,0
7.0000,46.000,23.000,412.5600,412.5600,0.000100,0
7.0500,46.000,23.000,418.0800,418.0800,0.000100,0
7.1000,52.000,26.000,391.2000,391.2000,0.000100,0
7.1500,46.000,23.000,428.8800,428.8800,0.000100,0
7.2000,46.000,23.000,382.5600,382.5600,0.000100,0
7.2500,52.000,26.000,387.6000,387.6000,0.000100,0
7.3000,46.000,23.000,428.4000,428.4000,0.000100,0
7.3500,50.000,25.000,404.8800,404.8800,0.000100,0
7.4000,56.000,28.000,414.9600,414.9600,0.000100,0
7.4500,46.000,23.000,424.3200,424.3200,0.000100,0
7.5000,50.000,25.000,414.7200,414.7200,0.000100,0
7.5500,52.000,26.000,432.2400,432.2400,0.000100,0
7.6000,46.000,23.000,431.2800,431.2800,0.000100,0
7.6500,50.000,25.000,440.4000,440.4000,0.000100,0
7.7000,50.000,25.000,414.2400,414.2400,0.000100,0
7.7500,50.000,25.000,458.1600,458.1600,0.000100,0
7.8000,50.000,25.000,414.9600,414.9600,0.000100,0
7.8500,50.000,25.000,420.4800,420.4800,0.000100,0
7.9000,46.000,23.000,440.1600,440.1600,0.000100,0
7.9500,52.000,26.000,404.6400,404.6400,0.000100,0
8.0000,52.000,26.000,415.2000,415.2000,0.000100,0
8.0500,46.000,23.000,421.9200,421.9200,0.000100,0
8.1000,58.000,29.000,417.1200,417.1200,0.000100,0
8.1500,50.000,25.000,421.6800,421.6800,0.000100,0
8.2000,46.000,23.000,417.6000,417.6000,0.000100,0
8.2500,50.000,25.000,422.1600,422.1600,0.000100,0
8.3000,52.000,26.000,400.0800,400.0800,0.000100,0
8.3500,46.000,23.000,439.2000,439.2000,0.000100,0
8.4000,50.000,25.000,400.3200,400.3200,0.000100,0
8.4500,52.000,26.000,402.0000,402.0000,0.000100,0
8.5000,54.000,27.000,436.3200,436.3200,0.000100,0
8.5500,50.000,25.000,403.2000,403.2000,0.000100,0
8.6000,58.000,29.000,415.9200,415.9200,0.000100,0
8.6500,52.000,26.000,420.0000,420.0000,0.000100,0
8.7000,52.000,26.000,417.6000,417.6000,0.000100,0
8.7500,50.000,25.000,419.7600,419.7600,0.000100,0
8.8000,50.000,25.000,416.1600,416.1600,0.000100,0
8.8500,52.000,26.000,423.6000,423.6000,0.000100,0
8.9000,54.000,27.000,415.4400,415.4400,0.000100,0
8.9500,50.000,25.000,421.2000,421.2000,0.000100,0
9.0000,50.000,25.000,402.2400,402.2400,0.000100,0
9.0500,48.000,24.000,437.5200,437.5200,0.000100,0
9.1000,50.000,25.000,401.7600,401.7600,0.000100,0
9.1500,50.000,25.000,403.4400,403.4400,0.000100,0
9.2000,50.000,25.000,436.8000,436.8000,0.000100,0
9.2500,46.000,23.000,405.1200,405.1200,0.000100,0
9.3000,52.000,26.000,416.8800,416.8800,0.000100,0
9.3500,50.000,25.000,421.4400,421.4400,0.000100,0
9.4000,54.000,27.000,419.5200,419.5200,0.000100,0
9.4500,50.000,25.000,421.4400,421.4400,0.000100,0
9.5000,46.000,23.000,419.5200,419.5200,0.000100,0
9.5500,50.000,25.000,421.9200,421.9200,0.000100,0
9.6000,50.000,25.000,401.2800,401.2800,0.000100,0
9.6500,46.000,23.000,438.4800,438.4800,0.000100,0
9.7000,52.000,26.000,415.4400,415.4400,0.000100,0
9.7500,52.000,26.000,419.7600,419.7600,0.000100,0
9.8000,46.000,23.000,455.5200,455.5200,0.000100,0
9.8500,54.000,27.000,419.2800,419.2800,0.000100,0
9.9000,56.000,28.000,436.5600,436.5600,0.000100,0
9.9500,50.000,25.000,438.0000,438.0000,0.000100,0
10.0000,50.000,25.000,436.5600,436.5600,0.000100,0
10.0500,52.000,26.000,438.4800,438.4800,0.000100,0
10.1000,46.000,23.000,436.3200,436.3200,0.000100,0
10.1500,50.000,25.000,437.0400,437.0400,0.000100,0
10.2000,52.000,26.000,420.2400,420.2400,0.000100,0
10.2500,46.000,23.000,454.8000,454.8000,0.000100,0
10.3000,50.000,25.000,420.9600,420.9600,0.000100,0
10.3500,52.000,26.000,419.7600,419.7600,0.000100,0
10.4000,50.000,25.000,455.0400,455.0400,0.000100,0
10.4500,52.000,26.000,414.7200,414.7200,0.000100,0
10.5000,52.000,26.000,438.7200,438.7200,0.000100,0
10.5500,50.000,25.000,436.3200,436.3200,0.000100,0
10.6000,50.000,25.000,437.5200,437.5200,0.000100,0
10.6500,52.000,26.000,438.4800,438.4800,0.000100,0
10.7000,50.000,25.000,436.3200,436.3200,0.000100,0
10.7500,52.000,26.000,436.8000,436.8000,0.000100,0
10.8000,50.000,25.000,437.2800,437.2800,0.000100,0
10.8500,50.000,25.000,436.0800,436.0800,0.000100,0
10.9000,52.000,26.000,420.4800,420.4800,0.000100,0
10.9500,50.000,25.000,454.0800,454.0800,0.000100,0
11.0000,50.000,25.000,420.9600,420.9600,0.000100,0
11.0500,50.000,25.000,418.0800,418.0800,0.000100,0
11.1000,50.000,25.000,457.4400,457.4400,0.000100,0
11.1500,46.000,23.000,418.3200,418.3200,0.000100,0
11.2000,56.000,28.000,438.7200,438.7200,0.000100,0
11.2500,46.000,23.000,435.6000,435.6000,0.000100,0
11.3000,52.000,26.000,439.6800,439.6800,0.000100,0
11.3500,52.000,26.000,437.0400,437.0400,0.000100,0
11.4000,46.000,23.000,438.9600,438.9600,0.000100,0
11.4500,50.000,25.000,435.8400,435.8400,0.000100,0
11.5000,50.000,25.000,420.9600,420.9600,0.000100,0
11.5500,50.000,25.000,452.6400,452.6400,0.000100,0
11.6000,46.000,23.000,422.8800,422.8800,0.000100,0
11.6500,52.000,26.000,416.6400,416.6400,0.000100,0
11.7000,54.000,27.000,458.6400,458.6400,0.000100,0
11.7500,52.000,26.000,417.8400,417.8400,0.000100,0
11.8000,52.000,26.000,438.9600,438.9600,0.000100,0
11.8500,52.000,26.000,435.6000,435.6000,0.000100,0
11.9000,56.000,28.000,440.1600,440.1600,0.000100,0
11.9500,52.000,26.000,436.0800,436.0800,0.000100,0
12.0000,50.000,25.000,438.7200,438.7200,0.000100,0
12.0500,46.000,23.000,436.8000,436.8000,0.000100,0
12.1000,54.000,27.000,421.6800,421.6800,0.000100,0
12.1500,50.000,25.000,451.9200,451.9200,0.000100,0
12.2000,50.000,25.000,423.3600,423.3600,0.000100,0
12.2500,50.000,25.000,416.6400,416.6400,0.000100,0
12.3000,52.000,26.000,458.8800,458.8800,0.000100,0
12.3500,50.000,25.000,416.4000,416.4000,0.000100,0
12.4000,52.000,26.000,441.6000,441.6000,0.000100,0
12.4500,50.000,25.000,434.6400,434.6400,0.000100,0
12.5000,50.000,25.000,441.1200,441.1200,0.000100,0
12.5500,50.000,25.000,434.8800,434.8800,0.000100,0
12.6000,46.000,23.000,440.1600,440.1600,0.000100,0
12.6500,52.000,26.000,432.7200,432.7200,0.000100,0
12.7000,58.000,29.000,442.5600,442.5600,0.000100,0
12.7500,50.000,25.000,434.8800,434.8800,0.000100,0
12.8000,50.000,25.000,423.1200,423.1200,0.000100,0
12.8500,52.000,26.000,453.1200,453.1200,0.000100,0
12.9000,58.000,29.000,422.6400,422.6400,0.000100,0
12.9500,52.000,26.000,416.1600,416.1600,0.000100,0
13.0000,46.000,23.000,458.6400,458.6400,0.000100,0
13.0500,46.000,23.000,413.7600,413.7600,0.000100,0
13.1000,50.000,25.000,445.2000,445.2000,0.000100,0
13.1500,50.000,25.000,431.2800,431.2800,0.000100,0
13.2000,50.000,25.000,442.8000,442.8000,0.000100,0
13.2500,50.000,25.000,433.4400,433.4400,0.000100,0
13.3000,48.000,24.000,442.5600,442.5600,0.000100,0
13.3500,50.000,25.000,433.2000,433.2000,0.000100,0
13.4000,50.000,25.000,423.8400,423.8400,0.000100,0
13.4500,46.000,23.000,451.9200,451.9200,0.000100,0
13.5000,52.000,26.000,423.6000,423.6000,0.000100,0
13.5500,50.000,25.000,415.9200,415.9200,0.000100,0
13.6000,46.000,23.000,460.0800,460.0800,0.000100,0
13.6500,50.000,25.000,411.8400,411.8400,0.000100,0
13.7000,50.000,25.000,446.6400,446.6400,0.000100,0
13.7500,48.000,24.000,430.5600,430.5600,0.000100,0
13.8000,58.000,29.000,444.4800,444.4800,0.000100,0
13.8500,50.000,25.000,432.9600,432.9600,0.000100,0
13.9000,46.000,23.000,442.3200,442.3200,0.000100,0
13.9500,50.000,25.000,433.4400,433.4400,0.000100,0
14.0000,46.000,23.000,422.1600,422.1600,0.000100,0
14.0500,46.000,23.000,453.8400,453.8400,0.000100,0
14.1000,50.000,25.000,422.1600,422.1600,0.000100,0
14.1500,52.000,26.000,412.3200,412.3200,0.000100,0
14.2000,46.000,23.000,462.0000,462.0000,0.000100,0
14.2500,50.000,25.000,414.7200,414.7200,0.000100,0
14.3000,52.000,26.000,444.4800,444.4800,0.000100,0
14.3500,46.000,23.000,428.6400,428.6400,0.000100,0
14.4000,52.000,26.000,445.9200,445.9200,0.000100,0
14.4500,46.000,23.000,431.0400,431.0400,0.000100,0
14.5000,50.000,25.000,444.9600,444.9600,0.000100,0
14.5500,50.000,25.000,430.3200,430.3200,0.000100,0
14.6000,50.000,25.000,444.2400,444.2400,0.000100,0
14.6500,50.000,25.000,430.5600,430.5600,0.000100,0
14.7000,50.000,25.000,423.3600,423.3600,0.000100,0
14.7500,50.000,25.000,451.6800,451.6800,0.000100,0
14.8000,50.000,25.000,422.8800,422.8800,0.000100,0
14.8500,50.000,25.000,413.5200,413.5200,0.000100,0
14.9000,48.000,24.000,461.7600,461.7600,0.000100,0
14.9500,46.000,23.000,415.6800,415.6800,0.000100,0
15.0000,52.000,26.000,444.7200,444.7200,0.000100,0
15.0500,50.000,25.000,427.6800,427.6800,0.000100,0
15.1000,46.000,23.000,447.1200,447.1200,0.000100,0
15.1500,50.000,25.000,430.0800,430.0800,0.000100,0
15.2000,46.000,23.000,443.5200,443.5200,0.000100,0
15.2500,50.000,25.000,431.2800,431.2800,0.000100,0
15.3000,50.000,25.000,421.9200,421.9200,0.000100,0
15.3500,50.000,25.000,451.9200,451.9200,0.000100,0
15.4000,46.000,23.000,423.1200,423.1200,0.000100,0
15.4500,52.000,26.000,415.4400,415.4400,0.000100,0
15.5000,50.000,25.000,459.8400,459.8400,0.000100,0
15.5500,46.000,23.000,273.8400,273.8400,0.000100,0
15.6000,52.000,26.000,34.5600,34.5600,0.000100,0
15.6500,68.000,34.000,120.4800,120.4800,0.000100,0
15.7000,52.000,26.000,238.0800,238.0800,0.000100,0
15.7500,48.000,24.000,377.2800,377.2800,0.000100,0
15.8000,50.000,25.000,405.8400,405.8400,0.000100,0
15.8500,52.000,26.000,397.6800,397.6800,0.000100,0
15.9000,58.000,29.000,440.1600,440.1600,0.000100,0
15.9500,52.000,26.000,398.6400,398.6400,0.000100,0
16.0000,52.000,26.000,428.1600,428.1600,0.000100,0
16.0500,48.000,24.000,420.2400,420.2400,0.000100,0
16.1000,54.000,27.000,446.1600,446.1600,0.000100,0
16.1500,50.000,25.000,428.1600,428.1600,0.000100,0
16.2000,48.000,24.000,442.5600,442.5600,0.000100,0
16.2500,50.000,25.000,425.2800,425.2800,0.000100,0
16.3000,52.000,26.000,439.6800,439.6800,0.000100,0
16.3500,50.000,25.000,423.3600,423.3600,0.000100,0
16.4000,50.000,25.000,417.6000,417.6000,0.000100,0
16.4500,54.000,27.000,442.8000,442.8000,0.000100,0
16.5000,50.000,25.000,421.2000,421.2000,0.000100,0
16.5500,52.000,26.000,414.0000,414.0000,0.000100,0
16.6000,50.000,25.000,457.6800,457.6800,0.000100,0
16.6500,52.000,26.000,414.4800,414.4800,0.000100,0
16.7000,52.000,26.000,444.2400,444.2400,0.000100,0
16.7500,48.000,24.000,428.4000,428.4000,0.000100,0
16.8000,46.000,23.000,445.4400,445.4400,0.000100,0
16.8500,50.000,25.000,428.6400,428.6400,0.000100,0
16.9000,46.000,23.000,445.4400,445.4400,0.000100,0
16.9500,52.000,26.000,428.8800,428.8800,0.000100,0
17.0000,52.000,26.000,421.4400,421.4400,0.000100,0
17.0500,48.000,24.000,453.8400,453.8400,0.000100,0
17.1000,50.000,25.000,420.0000,420.0000,0.000100,0
17.1500,52.000,26.000,416.4000,416.4000,0.000100,0
17.2000,52.000,26.000,457.4400,457.4400,0.000100,0
17.2500,50.000,25.000,417.1200,417.1200,0.000100,0
17.3000,52.000,26.000,443.0400,443.0400,0.000100,0
17.3500,52.000,26.000,426.9600,426.9600,0.000100,0
17.4000,50.000,25.000,445.4400,445.4400,0.000100,0
17.4500,52.000,26.000,429.3600,429.3600,0.000100,0
17.5000,54.000,27.000,445.9200,445.9200,0.000100,0
17.5500,52.000,26.000,429.1200,429.1200,0.000100,0
17.6000,52.000,26.000,420.9600,420.9600,0.000100,0
17.6500,46.000,23.000,453.1200,453.1200,0.000100,0
17.7000,50.000,25.000,420.9600,420.9600,0.000100,0
17.7500,52.000,26.000,416.1600,416.1600,0.000100,0
17.8000,50.000,25.000,457.4400,457.4400,0.000100,0
17.8500,50.000,25.000,417.1200,417.1200,0.000100,0
17.9000,50.000,25.000,445.6800,445.6800,0.000100,0
17.9500,50.000,25.000,428.6400,428.6400,0.000100,0
18.0000,50.000,25.000,445.2000,445.2000,0.000100,0
18.0500,46.000,23.000,429.1200,429.1200,0.000100,0
18.1000,46.000,23.000,444.9600,444.9600,0.000100,0
18.1500,50.000,25.000,428.6400,428.6400,0.000100,0
18.2000,50.000,25.000,445.2000,445.2000,0.000100,0
18.2500,50.000,25.000,415.6800,415.6800,0.000100,0
18.3000,50.000,25.000,431.0400,431.0400,0.000100,0
18.3500,50.000,25.000,454.8000,454.8000,0.000100,0
18.4000,50.000,25.000,418.3200,418.3200,0.000100,0
18.4500,50.000,25.000,418.0800,418.0800,0.000100,0
18.5000,54.000,27.000,454.8000,454.8000,0.000100,0
18.5500,50.000,25.000,418.5600,418.5600,0.000100,0
18.6000,50.000,25.000,443.2800,443.2800,0.000100,0
18.6500,50.000,25.000,428.1600,428.1600,0.000100,0
18.7000,54.000,27.000,444.9600,444.9600,0.000100,0
18.7500,50.000,25.000,428.6400,428.6400,0.000100,0
18.8000,46.000,23.000,445.4400,445.4400,0.000100,0
18.8500,52.000,26.000,428.6400,428.6400,0.000100,0
18.9000,52.000,26.000,418.0800,418.0800,0.000100,0
18.9500,46.000,23.000,454.5600,454.5600,0.000100,0
19.0000,52.000,26.000,419.0400,419.0400,0.000100,0
19.0500,52.000,26.000,417.6000,417.6000,0.000100,0
19.1000,54.000,27.000,455.2800,455.2800,0.000100,0
19.1500,50.000,25.000,417.8400,417.8400,0.000100,0
19.2000,50.000,25.000,445.2000,445.2000,0.000100,0
19.2500,46.000,23.000,427.6800,427.6800,0.000100,0
19.3000,54.000,27.000,446.1600,446.1600,0.000100,0
19.3500,52.000,26.000,428.1600,428.1600,0.000100,0
19.4000,56.000,28.000,444.2400,444.2400,0.000100,0
19.4500,46.000,23.000,429.1200,429.1200,0.000100,0
19.5000,52.000,26.000,418.5600,418.5600,0.000100,0
19.5500,54.000,27.000,455.2800,455.2800,0.000100,0
19.6000,58.000,29.000,418.0800,418.0800,0.000100,0
19.6500,50.000,25.000,418.0800,418.0800,0.000100,0
19.7000,50.000,25.000,455.0400,455.0400,0.000100,0
19.7500,50.000,25.000,418.0800,418.0800,0.000100,0
19.8000,46.000,23.000,445.4400,445.4400,0.000100,0
19.8500,52.000,26.000,428.4000,428.4000,0.000100,0
19.9000,54.000,27.000,446.1600,446.1600,0.000100,0
19.9500,46.000,23.000,427.9200,427.9200,0.000100,0
20.0000,54.000,27.000,445.6800,445.6800,0.000100,0
20.0500,52.000,26.000,427.6800,427.6800,0.000100,0
20.1000,48.000,24.000,445.2000,445.2000,0.000100,0
20.1500,52.000,26.000,427.9200,427.9200,0.000100,0
20.2000,52.000,26.000,417.3600,417.3600,0.000100,0
20.2500,50.000,25.000,457.2000,457.2000,0.000100,0
20.3000,46.000,23.000,415.6800,415.6800,0.000100,0
20.3500,50.000,25.000,422.6400,422.6400,0.000100,0
20.4000,60.000,30.000,454.3200,454.3200,0.000100,0
20.4500,50.000,25.000,420.9600,420.9600,0.000100,0
20.5000,50.000,25.000,445.4400,445.4400,0.000100,0
20.5500,46.000,23.000,428.1600,428.1600,0.000100,0
20.6000,50.000,25.000,444.4800,444.4800,0.000100,0
20.6500,52.000,26.000,428.4000,428.4000,0.000100,0
20.7000,50.000,25.000,444.9600,444.9600,0.000100,0
20.7500,46.000,23.000,427.9200,427.9200,0.000100,0
20.8000,52.000,26.000,415.4400,415.4400,0.000100,0
20.8500,48.000,24.000,456.7200,456.7200,0.000100,0
20.9000,48.000,24.000,417.1200,417.1200,0.000100,0
20.9500,52.000,26.000,420.2400,420.2400,0.000100,0
21.0000,46.000,23.000,451.9200,451.9200,0.000100,0
21.0500,52.000,26.000,421.4400,421.4400,0.000100,0
21.1000,52.000,26.000,445.2000,445.2000,0.000100,0
21.1500,50.000,25.000,427.9200,427.9200,0.000100,0
21.2000,50.000,25.000,445.4400,445.4400,0.000100,0
21.2500,52.000,26.000,429.6000,429.6000,0.000100,0
21.3000,50.000,25.000,445.4400,445.4400,0.000100,0
21.3500,50.000,25.000,428.6400,428.6400,0.000100,0
21.4000,50.000,25.000,415.9200,415.9200,0.000100,0
21.4500,50.000,25.000,457.9200,457.9200,0.000100,0
21.5000,50.000,25.000,415.4400,415.4400,0.000100,0
21.5500,50.000,25.000,422.6400,422.6400,0.000100,0
21.6000,48.000,24.000,451.2000,451.2000,0.000100,0
21.6500,50.000,25.000,422.1600,422.1600,0.000100,0
21.7000,46.000,23.000,427.2000,427.2000,0.000100,0
21.7500,46.000,23.000,389.2800,389.2800,0.000100,0
21.8000,50.000,25.000,399.1200,399.1200,0.000100,0
21.8500,48.000,24.000,384.0000,384.0000,0.000100,0
21.9000,50.000,25.000,398.8800,398.8800,0.000100,0
21.9500,52.000,26.000,379.2000,379.2000,0.000100,0
22.0000,46.000,23.000,414.0000,414.0000,0.000100,0
22.0500,46.000,23.000,410.1600,410.1600,0.000100,0
22.1000,52.000,26.000,371.5200,371.5200,0.000100,0
22.1500,50.000,25.000,409.6800,409.6800,0.000100,0
22.2000,54.000,27.000,368.4000,368.4000,0.000100,0
22.2500,58.000,29.000,386.1600,386.1600,0.000100,0
22.3000,48.000,24.000,404.4000,404.4000,0.000100,0
22.3500,48.000,24.000,392.6400,392.6400,0.000100,0
22.4000,52.000,26.000,431.5200,431.5200,0.000100,0
22.4500,46.000,23.000,414.0000,414.0000,0.000100,0
22.5000,48.000,24.000,442.0800,442.0800,0.000100,0
22.5500,52.000,26.000,414.4800,414.4800,0.000100,0
22.6000,50.000,25.000,433.2000,433.2000,0.000100,0
22.6500,46.000,23.000,413.0400,413.0400,0.000100,0
22.7000,52.000,26.000,395.0400,395.0400,0.000100,0
22.7500,50.000,25.000,444.7200,444.7200,0.000100,0
22.8000,46.000,23.000,397.6800,397.6800,0.000100,0
22.8500,52.000,26.000,408.7200,408.7200,0.000100,0
22.9000,50.000,25.000,437.7600,437.7600,0.000100,0
22.9500,46.000,23.000,407.5200,407.5200,0.000100,0
23.0000,52.000,26.000,431.2800,431.2800,0.000100,0
23.0500,50.000,25.000,414.2400,414.2400,0.000100,0
23.1000,46.000,23.000,432.0000,432.0000,0.000100,0
23.1500,50.000,25.000,410.8800,410.8800,0.000100,0
23.2000,50.000,25.000,435.1200,435.1200,0.000100,0
23.2500,58.000,29.000,411.6000,411.6000,0.000100,0
23.3000,52.000,26.000,394.3200,394.3200,0.000100,0
23.3500,50.000,25.000,441.6000,441.6000,0.000100,0
23.4000,50.000,25.000,397.9200,397.9200,0.000100,0
23.4500,50.000,25.000,406.5600,406.5600,0.000100,0
23.5000,50.000,25.000,435.1200,435.1200,0.000100,0
23.5500,48.000,24.000,407.5200,407.5200,0.000100,0
23.6000,52.000,26.000,433.4400,433.4400,0.000100,0
23.6500,50.000,25.000,414.0000,414.0000,0.000100,0
23.7000,54.000,27.000,428.1600,428.1600,0.000100,0
23.7500,46.000,23.000,411.3600,411.3600,0.000100,0
23.8000,50.000,25.000,425.2800,425.2800,0.000100,0
23.8500,52.000,26.000,407.0400,407.0400,0.000100,0
23.9000,46.000,23.000,413.5200,413.5200,0.000100,0
23.9500,46.000,23.000,387.8400,387.8400,0.000100,0
24.0000,52.000,26.000,368.1600,368.1600,0.000100,0
24.0500,50.000,25.000,417.1200,417.1200,0.000100,0
24.1000,46.000,23.000,371.2800,371.2800,0.000100,0
24.1500,52.000,26.000,402.7200,402.7200,0.000100,0
24.2000,46.000,23.000,433.9200,433.9200,0.000100,0
24.2500,46.000,23.000,410.4000,410.4000,0.000100,0
24.3000,50.000,25.000,428.6400,428.6400,0.000100,0
24.3500,46.000,23.000,412.3200,412.3200,0.000100,0
24.4000,46.000,23.000,429.6000,429.6000,0.000100,0
24.4500,50.000,25.000,407.7600,407.7600,0.000100,0
24.5000,58.000,29.000,429.1200,429.1200,0.000100,0
24.5500,50.000,25.000,412.5600,412.5600,0.000100,0
24.6000,52.000,26.000,398.4000,398.4000,0.000100,0
24.6500,52.000,26.000,439.6800,439.6800,0.000100,0
24.7000,50.000,25.000,399.3600,399.3600,0.000100,0
24.7500,52.000,26.000,405.8400,405.8400,0.000100,0
24.8000,56.000,28.000,430.3200,430.3200,0.000100,0
24.8500,52.000,26.000,423.8400,423.8400,0.000100,0
24.9000,52.000,26.000,437.2800,437.2800,0.000100,0
24.9500,46.000,23.000,414.0000,414.0000,0.000100,0
25.0000,50.000,25.000,428.6400,428.6400,0.000100,0
25.0500,52.000,26.000,409.6800,409.6800,0.000100,0
25.1000,46.000,23.000,428.8800,428.8800,0.000100,0
25.1500,50.000,25.000,404.6400,404.6400,0.000100,0
25.2000,52.000,26.000,394.3200,394.3200,0.000100,0
25.2500,46.000,23.000,446.8800,446.8800,0.000100,0
25.3000,50.000,25.000,397.2000,397.2000,0.000100,0
25.3500,52.000,26.000,416.1600,416.1600,0.000100,0
25.4000,46.000,23.000,426.2400,426.2400,0.000100,0
25.4500,50.000,25.000,412.3200,412.3200,0.000100,0
25.5000,52.000,26.000,433.9200,433.9200,0.000100,0
25.5500,54.000,27.000,407.5200,407.5200,0.000100,0
25.6000,50.000,25.000,426.4800,426.4800,0.000100,0
25.6500,50.000,25.000,390.2400,390.2400,0.000100,0
25.7000,54.000,27.000,423.1200,423.1200,0.000100,0
25.7500,48.000,24.000,410.4000,410.4000,0.000100,0
25.8000,48.000,24.000,434.4000,434.4000,0.000100,0
25.8500,46.000,23.000,405.6000,405.6000,0.000100,0
25.9000,52.000,26.000,398.6400,398.6400,0.000100,0
25.9500,52.000,26.000,442.0800,442.0800,0.000100,0
26.0000,46.000,23.000,399.1200,399.1200,0.000100,0
26.0500,52.000,26.000,411.6000,411.6000,0.000100,0
26.1000,46.000,23.000,439.6800,439.6800,0.000100,0
26.1500,46.000,23.000,426.9600,426.9600,0.000100,0
26.2000,52.000,26.000,445.6800,445.6800,0.000100,0
26.2500,46.000,23.000,428.4000,428.4000,0.000100,0
26.3000,46.000,23.000,446.4000,446.4000,0.000100,0
26.3500,52.000,26.000,422.4000,422.4000,0.000100,0
26.4000,46.000,23.000,451.4400,451.4400,0.000100,0
26.4500,50.000,25.000,421.6800,421.6800,0.000100,0
26.5000,50.000,25.000,415.9200,415.9200,0.000100,0
26.5500,46.000,23.000,458.4000,458.4000,0.000100,0
26.6000,48.000,24.000,415.2000,415.2000,0.000100,0
26.6500,52.000,26.000,427.6800,427.6800,0.000100,0
26.7000,52.000,26.000,445.2000,445.2000,0.000100,0
26.7500,50.000,25.000,428.1600,428.1600,0.000100,0
26.8000,52.000,26.000,445.4400,445.4400,0.000100,0
26.8500,46.000,23.000,428.1600,428.1600,0.000100,0
26.9000,48.000,24.000,445.6800,445.6800,0.000100,0
26.9500,52.000,26.000,421.2000,421.2000,0.000100,0
27.0000,48.000,24.000,450.2400,450.2400,0.000100,0
27.0500,50.000,25.000,420.9600,420.9600,0.000100,0
27.1000,52.000,26.000,415.6800,415.6800,0.000100,0
27.1500,46.000,23.000,456.7200,456.7200,0.000100,0
27.2000,52.000,26.000,415.9200,415.9200,0.000100,0
27.2500,50.000,25.000,428.8800,428.8800,0.000100,0
27.3000,48.000,24.000,446.4000,446.4000,0.000100,0
27.3500,52.000,26.000,427.4400,427.4400,0.000100,0
27.4000,52.000,26.000,445.9200,445.9200,0.000100,0
27.4500,48.000,24.000,427.9200,427.9200,0.000100,0
27.5000,54.000,27.000,444.7200,444.7200,0.000100,0
27.5500,54.000,27.000,428.8800,428.8800,0.000100,0
27.6000,48.000,24.000,444.9600,444.9600,0.000100,0
27.6500,52.000,26.000,420.2400,420.2400,0.000100,0
27.7000,46.000,23.000,453.6000,453.6000,0.000100,0
27.7500,46.000,23.000,420.0000,420.0000,0.000100,0
27.8000,56.000,28.000,416.6400,416.6400,0.000100,0
27.8500,46.000,23.000,455.0400,455.0400,0.000100,0
27.9000,50.000,25.000,418.0800,418.0800,0.000100,0
27.9500,52.000,26.000,428.6400,428.6400,0.000100,0
28.0000,46.000,23.000,445.6800,445.6800,0.000100,0
28.0500,46.000,23.000,428.1600,428.1600,0.000100,0
28.1000,54.000,27.000,445.4400,445.4400,0.000100,0
28.1500,48.000,24.000,428.1600,428.1600,0.000100,0
28.2000,48.000,24.000,445.6800,445.6800,0.000100,0
28.2500,52.000,26.000,420.7200,420.7200,0.000100,0
28.3000,50.000,25.000,454.0800,454.0800,0.000100,0
28.3500,54.000,27.000,420.9600,420.9600,0.000100,0
28.4000,52.000,26.000,418.0800,418.0800,0.000100,0
28.4500,48.000,24.000,456.4800,456.4800,0.000100,0
28.5000,48.000,24.000,417.1200,417.1200,0.000100,0
28.5500,52.000,26.000,428.1600,428.1600,0.000100,0
28.6000,48.000,24.000,446.1600,446.1600,0.000100,0
28.6500,48.000,24.000,428.8800,428.8800,0.000100,0
28.7000,52.000,26.000,445.4400,445.4400,0.000100,0
28.7500,46.000,23.000,428.1600,428.1600,0.000100,0
28.8000,52.000,26.000,445.9200,445.9200,0.000100,0
28.8500,52.000,26.000,420.2400,420.2400,0.000100,0
28.9000,50.000,25.000,453.8400,453.8400,0.000100,0
28.9500,54.000,27.000,418.3200,418.3200,0.000100,0
29.0000,52.000,26.000,419.5200,419.5200,0.000100,0
29.0500,50.000,25.000,454.0800,454.0800,0.000100,0
29.1000,50.000,25.000,419.2800,419.2800,0.000100,0
29.1500,52.000,26.000,427.2000,427.2000,0.000100,0
29.2000,48.000,24.000,445.6800,445.6800,0.000100,0
29.2500,52.000,26.000,428.8800,428.8800,0.000100,0
29.3000,52.000,26.000,445.9200,445.9200,0.000100,0
29.3500,46.000,23.000,427.9200,427.9200,0.000100,0
29.4000,54.000,27.000,445.9200,445.9200,0.000100,0
29.4500,46.000,23.000,428.1600,428.1600,0.000100,0
29.5000,50.000,25.000,445.6800,445.6800,0.000100,0
29.5500,52.000,26.000,418.0800,418.0800,0.000100,0
29.6000,52.000,26.000,455.0400,455.0400,0.000100,0
29.6500,50.000,25.000,418.8000,418.8000,0.000100,0
29.7000,52.000,26.000,417.3600,417.3600,0.000100,0
29.7500,52.000,26.000,453.8400,453.8400,0.000100,0
29.8000,50.000,25.000,417.6000,417.6000,0.000100,0
29.8500,52.000,26.000,429.8400,429.8400,0.000100,0
29.9000,52.000,26.000,444.7200,444.7200,0.000100,0
29.9500,46.000,23.000,427.6800,427.6800,0.000100,0
30.0000,52.000,26.000,444.7200,444.7200,0.000100,0
30.0500,48.000,24.000,427.2000,427.2000,0.000100,0
30.1000,48.000,24.000,444.7200,444.7200,0.000100,0
30.1500,52.000,26.000,416.8800,416.8800,0.000100,0
30.2000,56.000,28.000,455.2800,455.2800,0.000100,0
30.2500,52.000,26.000,418.3200,418.3200,0.000100,0
30.3000,52.000,26.000,420.2400,420.2400,0.000100,0
30.3500,48.000,24.000,451.4400,451.4400,0.000100,0
30.4000,48.000,24.000,422.4000,422.4000,0.000100,0
30.4500,52.000,26.000,427.9200,427.9200,0.000100,0
30.5000,48.000,24.000,444.2400,444.2400,0.000100,0
30.5500,52.000,26.000,286.8000,286.8000,0.000100,0
30.6000,48.000,24.000,16.5600,16.5600,0.000100,0
30.6500,82.000,41.000,45.1200,45.1200,0.000100,0
30.7000,60.000,30.000,120.9600,120.9600,0.000100,0
30.7500,60.000,30.000,240.7200,240.7200,0.000100,0
30.8000,60.000,30.000,313.6800,313.6800,0.000100,0
30.8500,56.000,28.000,312.9600,312.9600,0.000100,0
30.9000,50.000,25.000,316.8000,316.8000,0.000100,0
30.9500,50.000,25.000,347.7600,347.7600,0.000100,0
31.0000,60.000,30.000,328.0800,328.0800,0.000100,0
31.0500,60.000,30.000,320.8800,320.8800,0.000100,0
31.1000,60.000,30.000,343.2000,343.2000,0.000100,0
31.1500,60.000,30.000,320.8800,320.8800,0.000100,0
31.2000,60.000,30.000,327.6000,327.6000,0.000100,0
31.2500,60.000,30.000,360.0000,360.0000,0.000100,0
31.3000,60.000,30.000,373.6800,373.6800,0.000100,0
31.3500,60.000,30.000,368.8800,368.8800,0.000100,0
31.4000,60.000,30.000,372.0000,372.0000,0.000100,0
31.4500,54.000,27.000,404.4000,404.4000,0.000100,0
31.5000,50.000,25.000,362.4000,362.4000,0.000100,0
31.5500,60.000,30.000,363.1200,363.1200,0.000100,0
31.6000,60.000,30.000,431.2800,431.2800,0.000100,0
31.6500,54.000,27.000,362.1600,362.1600,0.000100,0
31.7000,50.000,25.000,362.6400,362.6400,0.000100,0
31.7500,60.000,30.000,362.4000,362.4000,0.000100,0
31.8000,50.000,25.000,424.3200,424.3200,0.000100,0
31.8500,50.000,25.000,370.0800,370.0800,0.000100,0
31.9000,72.000,36.000,362.6400,362.6400,0.000100,0
31.9500,50.000,25.000,397.2000,397.2000,0.000100,0
32.0000,50.000,25.000,372.2400,372.2400,0.000100,0
32.0500,56.000,28.000,370.3200,370.3200,0.000100,0
32.1000,60.000,30.000,362.6400,362.6400,0.000100,0
32.1500,54.000,27.000,397.2000,397.2000,0.000100,0
32.2000,60.000,30.000,372.2400,372.2400,0.000100,0
32.2500,60.000,30.000,370.5600,370.5600,0.000100,0
32.3000,50.000,25.000,379.9200,379.9200,0.000100,0
32.3500,50.000,25.000,379.9200,379.9200,0.000100,0
32.4000,50.000,25.000,372.2400,372.2400,0.000100,0
32.4500,54.000,27.000,405.3600,405.3600,0.000100,0
32.5000,50.000,25.000,361.9200,361.9200,0.000100,0
32.5500,56.000,28.000,362.8800,362.8800,0.000100,0
32.6000,54.000,27.000,361.6800,361.6800,0.000100,0
32.6500,50.000,25.000,432.2400,432.2400,0.000100,0
32.7000,50.000,25.000,362.6400,362.6400,0.000100,0
32.7500,56.000,28.000,362.1600,362.1600,0.000100,0
32.8000,56.000,28.000,424.8000,424.8000,0.000100,0
32.8500,50.000,25.000,370.3200,370.3200,0.000100,0
32.9000,60.000,30.000,362.6400,362.6400,0.000100,0
32.9500,60.000,30.000,362.6400,362.6400,0.000100,0
33.0000,50.000,25.000,407.2800,407.2800,0.000100,0
33.0500,50.000,25.000,370.5600,370.5600,0.000100,0
33.1000,60.000,30.000,372.0000,372.0000,0.000100,0
33.1500,54.000,27.000,387.3600,387.3600,0.000100,0
33.2000,50.000,25.000,372.4800,372.4800,0.000100,0
33.2500,56.000,28.000,370.5600,370.5600,0.000100,0
33.3000,54.000,27.000,380.1600,380.1600,0.000100,0
33.3500,50.000,25.000,379.9200,379.9200,0.000100,0
33.4000,50.000,25.000,372.0000,372.0000,0.000100,0
33.4500,60.000,30.000,371.0400,371.0400,0.000100,0
33.5000,54.000,27.000,396.9600,396.9600,0.000100,0
33.5500,50.000,25.000,363.1200,363.1200,0.000100,0
33.6000,68.000,34.000,362.4000,362.4000,0.000100,0
33.6500,58.000,29.000,432.2400,432.2400,0.000100,0
33.7000,58.000,29.000,361.6800,361.6800,0.000100,0
33.7500,50.000,25.000,362.6400,362.6400,0.000100,0
33.8000,60.000,30.000,362.4000,362.4000,0.000100,0
33.8500,54.000,27.000,432.2400,432.2400,0.000100,0
33.9000,50.000,25.000,362.4000,362.4000,0.000100,0
33.9500,60.000,30.000,362.6400,362.6400,0.000100,0
34.0000,60.000,30.000,407.0400,407.0400,0.000100,0
34.0500,54.000,27.000,370.5600,370.5600,0.000100,0
34.1000,50.000,25.000,370.5600,370.5600,0.000100,0
34.1500,60.000,30.000,324.4800,324.4800,0.000100,0
34.2000,50.000,25.000,341.7600,341.7600,0.000100,0
34.2500,56.000,28.000,322.5600,322.5600,0.000100,0
34.3000,60.000,30.000,324.9600,324.9600,0.000100,0
34.3500,56.000,28.000,339.6000,339.6000,0.000100,0
34.4000,56.000,28.000,326.1600,326.1600,0.000100,0
34.4500,60.000,30.000,323.0400,323.0400,0.000100,0
34.5000,54.000,27.000,347.0400,347.0400,0.000100,0
34.5500,50.000,25.000,317.2800,317.2800,0.000100,0
34.6000,60.000,30.000,322.8000,322.8000,0.000100,0
34.6500,60.000,30.000,324.9600,324.9600,0.000100,0
34.7000,56.000,28.000,362.1600,362.1600,0.000100,0
34.7500,50.000,25.000,315.8400,315.8400,0.000100,0
34.8000,56.000,28.000,315.6000,315.6000,0.000100,0
34.8500,50.000,25.000,377.7600,377.7600,0.000100,0
34.9000,50.000,25.000,316.5600,316.5600,0.000100,0
34.9500,50.000,25.000,317.0400,317.0400,0.000100,0
35.0000,56.000,28.000,316.8000,316.8000,0.000100,0
35.0500,54.000,27.000,361.6800,361.6800,0.000100,0
35.1000,56.000,28.000,324.4800,324.4800,0.000100,0
35.1500,60.000,30.000,324.2400,324.2400,0.000100,0
35.2000,54.000,27.000,339.3600,339.3600,0.000100,0
35.2500,50.000,25.000,323.7600,323.7600,0.000100,0
35.3000,60.000,30.000,317.0400,317.0400,0.000100,0
35.3500,60.000,30.000,332.4000,332.4000,0.000100,0
35.4000,50.000,25.000,339.1200,339.1200,0.000100,0
35.4500,56.000,28.000,324.9600,324.9600,0.000100,0
35.5000,60.000,30.000,322.8000,322.8000,0.000100,0
35.5500,54.000,27.000,340.5600,340.5600,0.000100,0
35.6000,50.000,25.000,316.5600,316.5600,0.000100,0
35.6500,60.000,30.000,332.4000,332.4000,0.000100,0
35.7000,50.000,25.000,362.4000,362.4000,0.000100,0
35.7500,50.000,25.000,316.8000,316.8000,0.000100,0
35.8000,56.000,28.000,317.0400,317.0400,0.000100,0
35.8500,60.000,30.000,317.2800,317.2800,0.000100,0
35.9000,50.000,25.000,377.2800,377.2800,0.000100,0
35.9500,50.000,25.000,317.2800,317.2800,0.000100,0
36.0000,60.000,30.000,317.0400,317.0400,0.000100,0
36.0500,54.000,27.000,362.1600,362.1600,0.000100,0
36.1000,50.000,25.000,322.8000,322.8000,0.000100,0
36.1500,50.000,25.000,325.4400,325.4400,0.000100,0
36.2000,56.000,28.000,316.3200,316.3200,0.000100,0
36.2500,50.000,25.000,347.5200,347.5200,0.000100,0
36.3000,56.000,28.000,320.6400,320.6400,0.000100,0
36.3500,60.000,30.000,328.5600,328.5600,0.000100,0
36.4000,60.000,30.000,337.6800,337.6800,0.000100,0
36.4500,50.000,25.000,322.8000,322.8000,0.000100,0
36.5000,50.000,25.000,326.4000,326.4000,0.000100,0
36.5500,50.000,25.000,340.8000,340.8000,0.000100,0
36.6000,60.000,30.000,316.3200,316.3200,0.000100,0
36.6500,56.000,28.000,332.4000,332.4000,0.000100,0
36.7000,54.000,27.000,322.8000,322.8000,0.000100,0
36.7500,50.000,25.000,356.6400,356.6400,0.000100,0
36.8000,50.000,25.000,315.8400,315.8400,0.000100,0
36.8500,66.000,33.000,317.2800,317.2800,0.000100,0
36.9000,60.000,30.000,377.2800,377.2800,0.000100,0
36.9500,50.000,25.000,316.8000,316.8000,0.000100,0
37.0000,72.000,36.000,316.0800,316.0800,0.000100,0
37.0500,60.000,30.000,314.4000,314.4000,0.000100,0
37.1000,54.000,27.000,365.0400,365.0400,0.000100,0
37.1500,50.000,25.000,326.8800,326.8800,0.000100,0
37.2000,66.000,33.000,317.0400,317.0400,0.000100,0
37.2500,50.000,25.000,346.8000,346.8000,0.000100,0
37.3000,50.000,25.000,317.2800,317.2800,0.000100,0
37.3500,56.000,28.000,329.5200,329.5200,0.000100,0
37.4000,60.000,30.000,317.2800,317.2800,0.000100,0
37.4500,50.000,25.000,339.8400,339.8400,0.000100,0
37.5000,50.000,25.000,322.3200,322.3200,0.000100,0
37.5500,60.000,30.000,330.0000,330.0000,0.000100,0
37.6000,50.000,25.000,330.4800,330.4800,0.000100,0
37.6500,50.000,25.000,330.9600,330.9600,0.000100,0
37.7000,60.000,30.000,317.2800,317.2800,0.000100,0
37.7500,54.000,27.000,361.6800,361.6800,0.000100,0
37.8000,50.000,25.000,316.3200,316.3200,0.000100,0
37.8500,50.000,25.000,316.8000,316.8000,0.000100,0
37.9000,56.000,28.000,316.8000,316.8000,0.000100,0
37.9500,54.000,27.000,376.8000,376.8000,0.000100,0
38.0000,60.000,30.000,317.0400,317.0400,0.000100,0
38.0500,50.000,25.000,314.1600,314.1600,0.000100,0
38.1000,54.000,27.000,358.8000,358.8000,0.000100,0
38.1500,50.000,25.000,328.5600,328.5600,0.000100,0
38.2000,60.000,30.000,314.8800,314.8800,0.000100,0
38.2500,60.000,30.000,313.6800,313.6800,0.000100,0
38.3000,50.000,25.000,346.3200,346.3200,0.000100,0
38.3500,50.000,25.000,331.6800,331.6800,0.000100,0
38.4000,60.000,30.000,317.5200,317.5200,0.000100,0
38.4500,50.000,25.000,340.5600,340.5600,0.000100,0
38.5000,50.000,25.000,318.9600,318.9600,0.000100,0
38.5500,60.000,30.000,324.2400,324.2400,0.000100,0
38.6000,56.000,28.000,330.2400,330.2400,0.000100,0
38.6500,50.000,25.000,329.0400,329.0400,0.000100,0
38.7000,60.000,30.000,318.0000,318.0000,0.000100,0
38.7500,60.000,30.000,326.8800,326.8800,0.000100,0
38.8000,50.000,25.000,346.0800,346.0800,0.000100,0
38.8500,56.000,28.000,277.9200,277.9200,0.000100,0
38.9000,60.000,30.000,271.2000,271.2000,0.000100,0
38.9500,60.000,30.000,342.9600,342.9600,0.000100,0
39.0000,50.000,25.000,270.2400,270.2400,0.000100,0
39.0500,60.000,30.000,270.7200,270.7200,0.000100,0
39.1000,60.000,30.000,270.4800,270.4800,0.000100,0
39.1500,60.000,30.000,322.8000,322.8000,0.000100,0
39.2000,60.000,30.000,270.4800,270.4800,0.000100,0
39.2500,60.000,30.000,270.7200,270.7200,0.000100,0
39.3000,60.000,30.000,296.8800,296.8800,0.000100,0
39.3500,60.000,30.000,284.1600,284.1600,0.000100,0
39.4000,60.000,30.000,273.1200,273.1200,0.000100,0
39.4500,60.000,30.000,278.6400,278.6400,0.000100,0
39.5000,60.000,30.000,286.5600,286.5600,0.000100,0
39.5500,60.000,30.000,284.4000,284.4000,0.000100,0
39.6000,60.000,30.000,270.2400,270.2400,0.000100,0
39.6500,60.000,30.000,296.8800,296.8800,0.000100,0
39.7000,60.000,30.000,273.1200,273.1200,0.000100,0
39.7500,60.000,30.000,314.4000,314.4000,0.000100,0
39.8000,60.000,30.000,347.5200,347.5200,0.000100,0
39.8500,54.000,27.000,315.6000,315.6000,0.000100,0
39.9000,60.000,30.000,315.6000,315.6000,0.000100,0
39.9500,60.000,30.000,325.4400,325.4400,0.000100,0
40.0000,50.000,25.000,363.8400,363.8400,0.000100,0
40.0500,50.000,25.000,312.0000,312.0000,0.000100,0
40.1000,50.000,25.000,315.1200,315.1200,0.000100,0
40.1500,50.000,25.000,375.8400,375.8400,0.000100,0
40.2000,50.000,25.000,314.1600,314.1600,0.000100,0
40.2500,50.000,25.000,316.3200,316.3200,0.000100,0
40.3000,60.000,30.000,316.8000,316.8000,0.000100,0
40.3500,60.000,30.000,361.9200,361.9200,0.000100,0
40.4000,60.000,30.000,317.7600,317.7600,0.000100,0
40.4500,60.000,30.000,329.0400,329.0400,0.000100,0
40.5000,54.000,27.000,335.0400,335.0400,0.000100,0
40.5500,50.000,25.000,329.0400,329.0400,0.000100,0
40.6000,60.000,30.000,320.4000,320.4000,0.000100,0
40.6500,60.000,30.000,332.4000,332.4000,0.000100,0
40.7000,50.000,25.000,331.6800,331.6800,0.000100,0
40.7500,56.000,28.000,330.4800,330.4800,0.000100,0
40.8000,60.000,30.000,318.7200,318.7200,0.000100,0
40.8500,54.000,27.000,347.5200,347.5200,0.000100,0
40.9000,56.000,28.000,316.8000,316.8000,0.000100,0
40.9500,50.000,25.000,327.1200,327.1200,0.000100,0
41.0000,54.000,27.000,367.9200,367.9200,0.000100,0
41.0500,50.000,25.000,317.0400,317.0400,0.000100,0
41.1000,50.000,25.000,316.8000,316.8000,0.000100,0
41.1500,60.000,30.000,317.5200,317.5200,0.000100,0
41.2000,50.000,25.000,377.0400,377.0400,0.000100,0
41.2500,50.000,25.000,317.2800,317.2800,0.000100,0
41.3000,60.000,30.000,316.5600,316.5600,0.000100,0
41.3500,50.000,25.000,359.5200,359.5200,0.000100,0
41.4000,50.000,25.000,320.1600,320.1600,0.000100,0
41.4500,50.000,25.000,329.0400,329.0400,0.000100,0
41.5000,60.000,30.000,319.9200,319.9200,0.000100,0
41.5500,56.000,28.000,344.1600,344.1600,0.000100,0
41.6000,60.000,30.000,320.1600,320.1600,0.000100,0
41.6500,60.000,30.000,329.0400,329.0400,0.000100,0
41.7000,60.000,30.000,335.2800,335.2800,0.000100,0
41.7500,50.000,25.000,328.8000,328.8000,0.000100,0
41.8000,60.000,30.000,320.4000,320.4000,0.000100,0
41.8500,50.000,25.000,348.0000,348.0000,0.000100,0
41.9000,60.000,30.000,316.5600,316.5600,0.000100,0
41.9500,50.000,25.000,317.5200,317.5200,0.000100,0
42.0000,60.000,30.000,331.9200,331.9200,0.000100,0
42.0500,50.000,25.000,362.6400,362.6400,0.000100,0
42.1000,50.000,25.000,316.8000,316.8000,0.000100,0
42.1500,56.000,28.000,317.2800,317.2800,0.000100,0
42.2000,54.000,27.000,377.2800,377.2800,0.000100,0
42.2500,50.000,25.000,316.8000,316.8000,0.000100,0
42.3000,50.000,25.000,316.8000,316.8000,0.000100,0
42.3500,60.000,30.000,317.2800,317.2800,0.000100,0
42.4000,54.000,27.000,361.9200,361.9200,0.000100,0
42.4500,56.000,28.000,329.0400,329.0400,0.000100,0
42.5000,60.000,30.000,319.9200,319.9200,0.000100,0
42.5500,54.000,27.000,344.1600,344.1600,0.000100,0
42.6000,50.000,25.000,319.9200,319.9200,0.000100,0
42.6500,56.000,28.000,327.3600,327.3600,0.000100,0
42.7000,60.000,30.000,322.5600,322.5600,0.000100,0
42.7500,50.000,25.000,343.4400,343.4400,0.000100,0
42.8000,50.000,25.000,320.4000,320.4000,0.000100,0
42.8500,60.000,30.000,327.1200,327.1200,0.000100,0
42.9000,50.000,25.000,336.9600,336.9600,0.000100,0
42.9500,50.000,25.000,327.1200,327.1200,0.000100,0
43.0000,56.000,28.000,322.0800,322.0800,0.000100,0
43.0500,54.000,27.000,362.8800,362.8800,0.000100,0
43.1000,50.000,25.000,316.3200,316.3200,0.000100,0
43.1500,60.000,30.000,317.2800,317.2800,0.000100,0
43.2000,50.000,25.000,316.8000,316.8000,0.000100,0
43.2500,50.000,25.000,377.5200,377.5200,0.000100,0
43.3000,50.000,25.000,316.8000,316.8000,0.000100,0
43.3500,60.000,30.000,317.5200,317.5200,0.000100,0
43.4000,60.000,30.000,362.4000,362.4000,0.000100,0
43.4500,60.000,30.000,326.8800,326.8800,0.000100,0
43.5000,60.000,30.000,322.0800,322.0800,0.000100,0
43.5500,60.000,30.000,317.5200,317.5200,0.000100,0
43.6000,50.000,25.000,346.5600,346.5600,0.000100,0
43.6500,50.000,25.000,327.3600,327.3600,0.000100,0
43.7000,60.000,30.000,322.5600,322.5600,0.000100,0
43.7500,50.000,25.000,341.7600,341.7600,0.000100,0
43.8000,56.000,28.000,322.0800,322.0800,0.000100,0
43.8500,60.000,30.000,326.6400,326.6400,0.000100,0
43.9000,54.000,27.000,337.6800,337.6800,0.000100,0
43.9500,50.000,25.000,324.9600,324.9600,0.000100,0
44.0000,50.000,25.000,324.2400,324.2400,0.000100,0
44.0500,60.000,30.000,317.2800,317.2800,0.000100,0
44.1000,50.000,25.000,361.9200,361.9200,0.000100,0
44.1500,56.000,28.000,317.2800,317.2800,0.000100,0
44.2000,60.000,30.000,316.8000,316.8000,0.000100,0
44.2500,60.000,30.000,378.0000,378.0000,0.000100,0
44.3000,60.000,30.000,316.5600,316.5600,0.000100,0
44.3500,60.000,30.000,317.5200,317.5200,0.000100,0
44.4000,60.000,30.000,316.8000,316.8000,0.000100,0
44.4500,50.000,25.000,370.8000,370.8000,0.000100,0
44.5000,50.000,25.000,323.7600,323.7600,0.000100,0
44.5500,60.000,30.000,317.5200,317.5200,0.000100,0
44.6000,56.000,28.000,346.8000,346.8000,0.000100,0
44.6500,60.000,30.000,325.4400,325.4400,0.000100,0
44.7000,66.000,33.000,324.2400,324.2400,0.000100,0
44.7500,50.000,25.000,324.4800,324.4800,0.000100,0
44.8000,50.000,25.000,339.3600,339.3600,0.000100,0
44.8500,60.000,30.000,317.2800,317.2800,0.000100,0
44.9000,54.000,27.000,331.6800,331.6800,0.000100,0
44.9500,60.000,30.000,338.4000,338.4000,0.000100,0
45.0000,50.000,25.000,326.1600,326.1600,0.000100,0
45.0500,50.000,25.000,316.8000,316.8000,0.000100,0
45.1000,54.000,27.000,362.1600,362.1600,0.000100,0
45.1500,50.000,25.000,316.5600,316.5600,0.000100,0
45.2000,50.000,25.000,316.8000,316.8000,0.000100,0
45.2500,60.000,30.000,317.0400,317.0400,0.000100,0
45.3000,50.000,25.000,377.2800,377.2800,0.000100,0
45.3500,50.000,25.000,317.5200,317.5200,0.000100,0
45.4000,60.000,30.000,316.3200,316.3200,0.000100,0
45.4500,50.000,25.000,370.3200,370.3200,0.000100,0
45.5000,50.000,25.000,323.5200,323.5200,0.000100,0
45.5500,50.000,25.000,196.3200,196.3200,0.000100,0
45.6000,50.000,25.000,22.8000,22.8000,0.000100,0
45.6500,74.000,37.000,121.4400,121.4400,0.000100,0
45.7000,74.000,37.000,218.8800,218.8800,0.000100,0
45.7500,74.000,37.000,440.6400,440.6400,0.000100,0
45.8000,50.000,25.000,413.0400,413.0400,0.000100,0
45.8500,50.000,25.000,448.3200,448.3200,0.000100,0
45.9000,52.000,26.000,430.5600,430.5600,0.000100,0
45.9500,52.000,26.000,447.8400,447.8400,0.000100,0
46.0000,52.000,26.000,430.3200,430.3200,0.000100,0
46.0500,46.000,23.000,447.6000,447.6000,0.000100,0
46.1000,50.000,25.000,430.3200,430.3200,0.000100,0
46.1500,54.000,27.000,447.8400,447.8400,0.000100,0
46.2000,48.000,24.000,430.0800,430.0800,0.000100,0
46.2500,52.000,26.000,422.6400,422.6400,0.000100,0
46.3000,46.000,23.000,456.2400,456.2400,0.000100,0
46.3500,50.000,25.000,420.9600,420.9600,0.000100,0
46.4000,58.000,29.000,420.4800,420.4800,0.000100,0
46.4500,46.000,23.000,457.9200,457.9200,0.000100,0
46.5000,50.000,25.000,420.9600,420.9600,0.000100,0
46.5500,50.000,25.000,448.3200,448.3200,0.000100,0
46.6000,46.000,23.000,430.3200,430.3200,0.000100,0
46.6500,50.000,25.000,448.0800,448.0800,0.000100,0
46.7000,52.000,26.000,430.3200,430.3200,0.000100,0
46.7500,52.000,26.000,448.0800,448.0800,0.000100,0
46.8000,50.000,25.000,430.5600,430.5600,0.000100,0
46.8500,52.000,26.000,417.6000,417.6000,0.000100,0
46.9000,54.000,27.000,454.8000,454.8000,0.000100,0
46.9500,50.000,25.000,420.4800,420.4800,0.000100,0
47.0000,48.000,24.000,417.6000,417.6000,0.000100,0
47.0500,46.000,23.000,457.9200,457.9200,0.000100,0
47.1000,50.000,25.000,420.0000,420.0000,0.000100,0
47.1500,50.000,25.000,447.3600,447.3600,0.000100,0
47.2000,48.000,24.000,429.1200,429.1200,0.000100,0
47.2500,50.000,25.000,448.8000,448.8000,0.000100,0
47.3000,52.000,26.000,429.3600,429.3600,0.000100,0
47.3500,48.000,24.000,445.4400,445.4400,0.000100,0
47.4000,56.000,28.000,429.6000,429.6000,0.000100,0
47.4500,50.000,25.000,419.5200,419.5200,0.000100,0
47.5000,48.000,24.000,454.3200,454.3200,0.000100,0
47.5500,50.000,25.000,414.2400,414.2400,0.000100,0
47.6000,52.000,26.000,420.7200,420.7200,0.000100,0
47.6500,48.000,24.000,457.6800,457.6800,0.000100,0
47.7000,56.000,28.000,422.1600,422.1600,0.000100,0
47.7500,52.000,26.000,449.0400,449.0400,0.000100,0
47.8000,50.000,25.000,429.1200,429.1200,0.000100,0
47.8500,50.000,25.000,449.2800,449.2800,0.000100,0
47.9000,52.000,26.000,430.5600,430.5600,0.000100,0
47.9500,48.000,24.000,448.5600,448.5600,0.000100,0
48.0000,54.000,27.000,429.1200,429.1200,0.000100,0
48.0500,46.000,23.000,446.6400,446.6400,0.000100,0
48.1000,48.000,24.000,430.3200,430.3200,0.000100,0
48.1500,52.000,26.000,420.2400,420.2400,0.000100,0
48.2000,50.000,25.000,458.8800,458.8800,0.000100,0
48.2500,46.000,23.000,420.7200,420.7200,0.000100,0
48.3000,52.000,26.000,422.1600,422.1600,0.000100,0
48.3500,46.000,23.000,453.1200,453.1200,0.000100,0
48.4000,52.000,26.000,424.3200,424.3200,0.000100,0
48.4500,50.000,25.000,448.8000,448.8000,0.000100,0
48.5000,54.000,27.000,430.8000,430.8000,0.000100,0
48.5500,48.000,24.000,449.0400,449.0400,0.000100,0
48.6000,52.000,26.000,430.0800,430.0800,0.000100,0
48.6500,48.000,24.000,447.3600,447.3600,0.000100,0
48.7000,50.000,25.000,430.8000,430.8000,0.000100,0
48.7500,52.000,26.000,420.0000,420.0000,0.000100,0
48.8000,48.000,24.000,458.1600,458.1600,0.000100,0
48.8500,52.000,26.000,418.5600,418.5600,0.000100,0
48.9000,52.000,26.000,423.6000,423.6000,0.000100,0
48.9500,52.000,26.000,455.2800,455.2800,0.000100,0
49.0000,48.000,24.000,421.4400,421.4400,0.000100,0
49.0500,52.000,26.000,448.5600,448.5600,0.000100,0
49.1000,48.000,24.000,430.3200,430.3200,0.000100,0
49.1500,52.000,26.000,448.5600,448.5600,0.000100,0
49.2000,52.000,26.000,425.7600,425.7600,0.000100,0
49.2500,48.000,24.000,445.6800,445.6800,0.000100,0
49.3000,54.000,27.000,428.4000,428.4000,0.000100,0
49.3500,52.000,26.000,413.7600,413.7600,0.000100,0
49.4000,48.000,24.000,459.3600,459.3600,0.000100,0
49.4500,52.000,26.000,415.9200,415.9200,0.000100,0
49.5000,52.000,26.000,422.6400,422.6400,0.000100,0
49.5500,48.000,24.000,452.6400,452.6400,0.000100,0
49.6000,52.000,26.000,423.8400,423.8400,0.000100,0
49.6500,52.000,26.000,448.5600,448.5600,0.000100,0
49.7000,50.000,25.000,429.8400,429.8400,0.000100,0
49.7500,50.000,25.000,447.8400,447.8400,0.000100,0
49.8000,52.000,26.000,429.1200,429.1200,0.000100,0
49.8500,48.000,24.000,447.8400,447.8400,0.000100,0
49.9000,54.000,27.000,429.6000,429.6000,0.000100,0
49.9500,50.000,25.000,447.8400,447.8400,0.000100,0
50.0000,54.000,27.000,429.1200,429.1200,0.000100,0
50.0500,50.000,25.000,417.6000,417.6000,0.000100,0
50.1000,52.000,26.000,460.3200,460.3200,0.000100,0
50.1500,50.000,25.000,417.8400,417.8400,0.000100,0
50.2000,52.000,26.000,423.6000,423.6000,0.000100,0
50.2500,48.000,24.000,453.6000,453.6000,0.000100,0
50.3000,52.000,26.000,423.6000,423.6000,0.000100,0
50.3500,52.000,26.000,448.3200,448.3200,0.000100,0
50.4000,48.000,24.000,429.8400,429.8400,0.000100,0
50.4500,50.000,25.000,448.0800,448.0800,0.000100,0
50.5000,52.000,26.000,430.3200,430.3200,0.000100,0
50.5500,48.000,24.000,447.6000,447.6000,0.000100,0
50.6000,50.000,25.000,430.3200,430.3200,0.000100,0
50.6500,52.000,26.000,414.7200,414.7200,0.000100,0
50.7000,48.000,24.000,461.0400,461.0400,0.000100,0
50.7500,52.000,26.000,413.5200,413.5200,0.000100,0
50.8000,56.000,28.000,426.7200,426.7200,0.000100,0
50.8500,48.000,24.000,451.9200,451.9200,0.000100,0
50.9000,52.000,26.000,426.7200,426.7200,0.000100,0
50.9500,52.000,26.000,445.6800,445.6800,0.000100,0
51.0000,48.000,24.000,430.8000,430.8000,0.000100,0
51.0500,52.000,26.000,447.1200,447.1200,0.000100,0
51.1000,52.000,26.000,430.3200,430.3200,0.000100,0
51.1500,48.000,24.000,447.8400,447.8400,0.000100,0
51.2000,52.000,26.000,427.9200,427.9200,0.000100,0
51.2500,52.000,26.000,417.6000,417.6000,0.000100,0
51.3000,48.000,24.000,459.3600,459.3600,0.000100,0
51.3500,52.000,26.000,416.6400,416.6400,0.000100,0
51.4000,52.000,26.000,427.9200,427.9200,0.000100,0
51.4500,48.000,24.000,450.2400,450.2400,0.000100,0
51.5000,52.000,26.000,426.4800,426.4800,0.000100,0
51.5500,52.000,26.000,447.1200,447.1200,0.000100,0
51.6000,48.000,24.000,429.8400,429.8400,0.000100,0
51.6500,52.000,26.000,447.6000,447.6000,0.000100,0
51.7000,48.000,24.000,430.8000,430.8000,0.000100,0
51.7500,48.000,24.000,445.9200,445.9200,0.000100,0
51.8000,52.000,26.000,428.1600,428.1600,0.000100,0
51.8500,48.000,24.000,449.7600,449.7600,0.000100,0
51.9000,48.000,24.000,427.4400,427.4400,0.000100,0
51.9500,52.000,26.000,416.4000,416.4000,0.000100,0
52.0000,48.000,24.000,461.7600,461.7600,0.000100,0
52.0500,50.000,25.000,415.9200,415.9200,0.000100,0
52.1000,52.000,26.000,428.6400,428.6400,0.000100,0
52.1500,48.000,24.000,449.7600,449.7600,0.000100,0
52.2000,50.000,25.000,428.4000,428.4000,0.000100,0
52.2500,52.000,26.000,447.3600,447.3600,0.000100,0
52.3000,48.000,24.000,430.5600,430.5600,0.000100,0
52.3500,50.000,25.000,447.1200,447.1200,0.000100,0
52.4000,52.000,26.000,428.1600,428.1600,0.000100,0
52.4500,48.000,24.000,449.7600,449.7600,0.000100,0
52.5000,50.000,25.000,427.9200,427.9200,0.000100,0
52.5500,52.000,26.000,415.6800,415.6800,0.000100,0
52.6000,48.000,24.000,460.3200,460.3200,0.000100,0
52.6500,52.000,26.000,418.8000,418.8000,0.000100,0
52.7000,52.000,26.000,428.1600,428.1600,0.000100,0
52.7500,48.000,24.000,449.7600,449.7600,0.000100,0
52.8000,52.000,26.000,427.4400,427.4400,0.000100,0
52.8500,50.000,25.000,448.0800,448.0800,0.000100,0
52.9000,52.000,26.000,430.3200,430.3200,0.000100,0
52.9500,52.000,26.000,448.0800,448.0800,0.000100,0
53.0000,52.000,26.000,426.4800,426.4800,0.000100,0
53.0500,48.000,24.000,451.4400,451.4400,0.000100,0
53.1000,56.000,28.000,427.2000,427.2000,0.000100,0
53.1500,50.000,25.000,416.4000,416.4000,0.000100,0
53.2000,48.000,24.000,462.2400,462.2400,0.000100,0
53.2500,52.000,26.000,417.3600,417.3600,0.000100,0
53.3000,48.000,24.000,429.6000,429.6000,0.000100,0
53.3500,48.000,24.000,446.1600,446.1600,0.000100,0
53.4000,52.000,26.000,427.6800,427.6800,0.000100,0
53.4500,52.000,26.000,449.0400,449.0400,0.000100,0
53.5000,48.000,24.000,429.1200,429.1200,0.000100,0
53.5500,52.000,26.000,448.3200,448.3200,0.000100,0
53.6000,52.000,26.000,430.5600,430.5600,0.000100,0
53.6500,48.000,24.000,447.3600,447.3600,0.000100,0
53.7000,52.000,26.000,426.4800,426.4800,0.000100,0
53.7500,52.000,26.000,452.6400,452.6400,0.000100,0
53.8000,48.000,24.000,426.7200,426.7200,0.000100,0
53.8500,52.000,26.000,417.3600,417.3600,0.000100,0
53.9000,48.000,24.000,461.2800,461.2800,0.000100,0
53.9500,50.000,25.000,415.4400,415.4400,0.000100,0
54.0000,52.000,26.000,427.6800,427.6800,0.000100,0
54.0500,52.000,26.000,446.1600,446.1600,0.000100,0
54.1000,52.000,26.000,430.0800,430.0800,0.000100,0
54.1500,50.000,25.000,445.4400,445.4400,0.000100,0
54.2000,48.000,24.000,428.6400,428.6400,0.000100,0
54.2500,50.000,25.000,446.4000,446.4000,0.000100,0
54.3000,52.000,26.000,423.6000,423.6000,0.000100,0
54.3500,48.000,24.000,449.0400,449.0400,0.000100,0
54.4000,50.000,25.000,420.2400,420.2400,0.000100,0
54.4500,52.000,26.000,417.6000,417.6000,0.000100,0
54.5000,48.000,24.000,458.4000,458.4000,0.000100,0
54.5500,52.000,26.000,417.8400,417.8400,0.000100,0
54.6000,52.000,26.000,429.3600,429.3600,0.000100,0
54.6500,46.000,23.000,445.9200,445.9200,0.000100,0
54.7000,52.000,26.000,428.1600,428.1600,0.000100,0
54.7500,52.000,26.000,447.1200,447.1200,0.000100,0
54.8000,48.000,24.000,429.6000,429.6000,0.000100,0
54.8500,52.000,26.000,447.6000,447.6000,0.000100,0
54.9000,60.000,30.000,423.3600,423.3600,0.000100,0
54.9500,48.000,24.000,453.6000,453.6000,0.000100,0
55.0000,52.000,26.000,423.1200,423.1200,0.000100,0
55.0500,52.000,26.000,417.3600,417.3600,0.000100,0
55.1000,52.000,26.000,457.9200,457.9200,0.000100,0
55.1500,52.000,26.000,419.5200,419.5200,0.000100,0
55.2000,52.000,26.000,430.3200,430.3200,0.000100,0
55.2500,46.000,23.000,448.3200,448.3200,0.000100,0
55.3000,50.000,25.000,430.5600,430.5600,0.000100,0
55.3500,52.000,26.000,447.3600,447.3600,0.000100,0
55.4000,48.000,24.000,427.6800,427.6800,0.000100,0
55.4500,52.000,26.000,444.0000,444.0000,0.000100,0
55.5000,52.000,26.000,427.6800,427.6800,0.000100,0
55.5500,48.000,24.000,443.7600,443.7600,0.000100,0
55.6000,52.000,26.000,419.0400,419.0400,0.000100,0
55.6500,48.000,24.000,454.3200,454.3200,0.000100,0
55.7000,52.000,26.000,420.0000,420.0000,0.000100,0
55.7500,50.000,25.000,419.0400,419.0400,0.000100,0
55.8000,48.000,24.000,455.0400,455.0400,0.000100,0
55.8500,50.000,25.000,417.6000,417.6000,0.000100,0
55.9000,52.000,26.000,428.1600,428.1600,0.000100,0
55.9500,48.000,24.000,445.9200,445.9200,0.000100,0
56.0000,56.000,28.000,429.3600,429.3600,0.000100,0
56.0500,52.000,26.000,445.6800,445.6800,0.000100,0
56.1000,48.000,24.000,427.9200,427.9200,0.000100,0
56.1500,50.000,25.000,430.5600,430.5600,0.000100,0
56.2000,52.000,26.000,434.4000,434.4000,0.000100,0
56.2500,48.000,24.000,452.6400,452.6400,0.000100,0
56.3000,54.000,27.000,420.9600,420.9600,0.000100,0
56.3500,52.000,26.000,417.3600,417.3600,0.000100,0
56.4000,48.000,24.000,456.0000,456.0000,0.000100,0
56.4500,52.000,26.000,418.0800,418.0800,0.000100,0
56.5000,52.000,26.000,426.4800,426.4800,0.000100,0
56.5500,48.000,24.000,446.1600,446.1600,0.000100,0
56.6000,52.000,26.000,429.1200,429.1200,0.000100,0
56.6500,52.000,26.000,444.0000,444.0000,0.000100,0
56.7000,48.000,24.000,426.9600,426.9600,0.000100,0
56.7500,52.000,26.000,443.5200,443.5200,0.000100,0
56.8000,52.000,26.000,419.0400,419.0400,0.000100,0
56.8500,48.000,24.000,455.7600,455.7600,0.000100,0
56.9000,52.000,26.000,419.2800,419.2800,0.000100,0
56.9500,52.000,26.000,418.3200,418.3200,0.000100,0
57.0000,48.000,24.000,455.5200,455.5200,0.000100,0
57.0500,52.000,26.000,419.7600,419.7600,0.000100,0
57.1000,52.000,26.000,429.3600,429.3600,0.000100,0
57.1500,48.000,24.000,445.6800,445.6800,0.000100,0
57.2000,52.000,26.000,429.1200,429.1200,0.000100,0
57.2500,50.000,25.000,446.6400,446.6400,0.000100,0
57.3000,52.000,26.000,427.9200,427.9200,0.000100,0
57.3500,52.000,26.000,444.0000,444.0000,0.000100,0
57.4000,52.000,26.000,428.8800,428.8800,0.000100,0
57.4500,48.000,24.000,444.4800,444.4800,0.000100,0
57.5000,60.000,30.000,417.3600,417.3600,0.000100,0
57.5500,48.000,24.000,455.5200,455.5200,0.000100,0
57.6000,48.000,24.000,418.8000,418.8000,0.000100,0
57.6500,52.000,26.000,418.8000,418.8000,0.000100,0
57.7000,48.000,24.000,454.0800,454.0800,0.000100,0
57.7500,50.000,25.000,417.8400,417.8400,0.000100,0
57.8000,52.000,26.000,429.3600,429.3600,0.000100,0
57.8500,52.000,26.000,444.0000,444.0000,0.000100,0
57.9000,52.000,26.000,428.6400,428.6400,0.000100,0
57.9500,50.000,25.000,444.2400,444.2400,0.000100,0
58.0000,48.000,24.000,429.3600,429.3600,0.000100,0
58.0500,50.000,25.000,445.2000,445.2000,0.000100,0
58.1000,54.000,27.000,416.8800,416.8800,0.000100,0
58.1500,46.000,23.000,458.1600,458.1600,0.000100,0
58.2000,50.000,25.000,414.7200,414.7200,0.000100,0
58.2500,52.000,26.000,421.2000,421.2000,0.000100,0
58.3000,52.000,26.000,453.3600,453.3600,0.000100,0
58.3500,50.000,25.000,419.2800,419.2800,0.000100,0
58.4000,52.000,26.000,424.5600,424.5600,0.000100,0
58.4500,48.000,24.000,446.1600,446.1600,0.000100,0
58.5000,52.000,26.000,427.4400,427.4400,0.000100,0
58.5500,52.000,26.000,446.1600,446.1600,0.000100,0
58.6000,52.000,26.000,428.1600,428.1600,0.000100,0
58.6500,52.000,26.000,445.4400,445.4400,0.000100,0
58.7000,52.000,26.000,416.8800,416.8800,0.000100,0
58.7500,48.000,24.000,456.9600,456.9600,0.000100,0
58.8000,56.000,28.000,417.3600,417.3600,0.000100,0
58.8500,50.000,25.000,422.8800,422.8800,0.000100,0
58.9000,48.000,24.000,451.6800,451.6800,0.000100,0
58.9500,56.000,28.000,421.9200,421.9200,0.000100,0
59.0000,52.000,26.000,428.4000,428.4000,0.000100,0
59.0500,46.000,23.000,447.1200,447.1200,0.000100,0
59.1000,52.000,26.000,428.1600,428.1600,0.000100,0
59.1500,52.000,26.000,445.6800,445.6800,0.000100,0
59.2000,48.000,24.000,428.4000,428.4000,0.000100,0
59.2500,52.000,26.000,446.1600,446.1600,0.000100,0
59.3000,56.000,28.000,429.6000,429.6000,0.000100,0
59.3500,48.000,24.000,444.7200,444.7200,0.000100,0
59.4000,52.000,26.000,417.8400,417.8400,0.000100,0
59.4500,52.000,26.000,456.2400,456.2400,0.000100,0
59.5000,48.000,24.000,418.0800,418.0800,0.000100,0
59.5500,52.000,26.000,422.1600,422.1600,0.000100,0
59.6000,48.000,24.000,449.7600,449.7600,0.000100,0
59.6500,50.000,25.000,424.5600,424.5600,0.000100,0
59.7000,52.000,26.000,428.8800,428.8800,0.000100,0
59.7500,52.000,26.000,445.9200,445.9200,0.000100,0
59.8000,50.000,25.000,429.3600,429.3600,0.000100,0
59.8500,52.000,26.000,447.1200,447.1200,0.000100,0
59.9000,52.000,26.000,428.1600,428.1600,0.000100,0
59.9500,50.000,25.000,443.0400,443.0400,0.000100,0
60.0000,52.000,26.000,414.9600,414.9600,0.000100,0
60.0500,48.000,24.000,457.4400,457.4400,0.000100,0
60.1000,50.000,25.000,415.9200,415.9200,0.000100,0
60.1500,52.000,26.000,423.3600,423.3600,0.000100,0
60.2000,48.000,24.000,450.4800,450.4800,0.000100,0
60.2500,52.000,26.000,422.4000,422.4000,0.000100,0
60.3000,52.000,26.000,431.0400,431.0400,0.000100,0
60.3500,46.000,23.000,445.4400,445.4400,0.000100,0
60.4000,52.000,26.000,427.9200,427.9200,0.000100,0
60.4500,52.000,26.000,444.2400,444.2400,0.000100,0
60.5000,48.000,24.000,428.8800,428.8800,0.000100,0
60.5500,56.000,28.000,303.1200,303.1200,0.000100,0
60.6000,48.000,24.000,21.3600,21.3600,0.000100,0
60.6500,78.000,39.000,120.4800,120.4800,0.000100,0
60.7000,52.000,26.000,172.8000,172.8000,0.000100,0
60.7500,50.000,25.000,356.1600,356.1600,0.000100,0
60.8000,52.000,26.000,397.9200,397.9200,0.000100,0
60.8500,52.000,26.000,425.0400,425.0400,0.000100,0
60.9000,58.000,29.000,434.6400,434.6400,0.000100,0
60.9500,54.000,27.000,444.2400,444.2400,0.000100,0
61.0000,50.000,25.000,432.7200,432.7200,0.000100,0
61.0500,54.000,27.000,443.5200,443.5200,0.000100,0
61.1000,54.000,27.000,419.2800,419.2800,0.000100,0
61.1500,50.000,25.000,459.1200,459.1200,0.000100,0
61.2000,54.000,27.000,418.0800,418.0800,0.000100,0
61.2500,50.000,25.000,424.5600,424.5600,0.000100,0
61.3000,50.000,25.000,451.6800,451.6800,0.000100,0
61.3500,50.000,25.000,423.8400,423.8400,0.000100,0
61.4000,52.000,26.000,431.5200,431.5200,0.000100,0
61.4500,50.000,25.000,444.7200,444.7200,0.000100,0
61.5000,50.000,25.000,432.7200,432.7200,0.000100,0
61.5500,50.000,25.000,444.0000,444.0000,0.000100,0
61.6000,50.000,25.000,433.2000,433.2000,0.000100,0
61.6500,54.000,27.000,443.5200,443.5200,0.000100,0
61.7000,58.000,29.000,414.9600,414.9600,0.000100,0
61.7500,50.000,25.000,459.8400,459.8400,0.000100,0
61.8000,50.000,25.000,418.3200,418.3200,0.000100,0
61.8500,48.000,24.000,422.1600,422.1600,0.000100,0
61.9000,54.000,27.000,453.6000,453.6000,0.000100,0
61.9500,48.000,24.000,422.1600,422.1600,0.000100,0
62.0000,50.000,25.000,432.0000,432.0000,0.000100,0
62.0500,50.000,25.000,443.0400,443.0400,0.000100,0
62.1000,54.000,27.000,434.1600,434.1600,0.000100,0
62.1500,50.000,25.000,444.9600,444.9600,0.000100,0
62.2000,50.000,25.000,432.7200,432.7200,0.000100,0
62.2500,50.000,25.000,443.7600,443.7600,0.000100,0
62.3000,50.000,25.000,418.8000,418.8000,0.000100,0
62.3500,50.000,25.000,459.1200,459.1200,0.000100,0
62.4000,50.000,25.000,419.0400,419.0400,0.000100,0
62.4500,50.000,25.000,422.6400,422.6400,0.000100,0
62.5000,50.000,25.000,453.1200,453.1200,0.000100,0
62.5500,50.000,25.000,422.4000,422.4000,0.000100,0
62.6000,52.000,26.000,433.4400,433.4400,0.000100,0
62.6500,50.000,25.000,443.0400,443.0400,0.000100,0
62.7000,50.000,25.000,435.1200,435.1200,0.000100,0
62.7500,52.000,26.000,443.5200,443.5200,0.000100,0
62.8000,54.000,27.000,435.1200,435.1200,0.000100,0
62.8500,52.000,26.000,443.7600,443.7600,0.000100,0
62.9000,52.000,26.000,434.6400,434.6400,0.000100,0
62.9500,54.000,27.000,443.5200,443.5200,0.000100,0
63.0000,54.000,27.000,417.3600,417.3600,0.000100,0
63.0500,50.000,25.000,461.2800,461.2800,0.000100,0
63.1000,54.000,27.000,416.1600,416.1600,0.000100,0
63.1500,50.000,25.000,425.0400,425.0400,0.000100,0
63.2000,50.000,25.000,453.1200,453.1200,0.000100,0
63.2500,50.000,25.000,424.8000,424.8000,0.000100,0
63.3000,50.000,25.000,435.3600,435.3600,0.000100,0
63.3500,50.000,25.000,443.2800,443.2800,0.000100,0
63.4000,52.000,26.000,435.1200,435.1200,0.000100,0
63.4500,50.000,25.000,441.6000,441.6000,0.000100,0
63.5000,50.000,25.000,435.6000,435.6000,0.000100,0
63.5500,50.000,25.000,439.2000,439.2000,0.000100,0
63.6000,50.000,25.000,420.0000,420.0000,0.000100,0
63.6500,54.000,27.000,459.3600,459.3600,0.000100,0
63.7000,58.000,29.000,419.0400,419.0400,0.000100,0
63.7500,50.000,25.000,422.6400,422.6400,0.000100,0
63.8000,54.000,27.000,455.5200,455.5200,0.000100,0
63.8500,50.000,25.000,423.1200,423.1200,0.000100,0
63.9000,52.000,26.000,436.8000,436.8000,0.000100,0
63.9500,50.000,25.000,441.1200,441.1200,0.000100,0
64.0000,50.000,25.000,437.2800,437.2800,0.000100,0
64.0500,52.000,26.000,441.6000,441.6000,0.000100,0
64.1000,50.000,25.000,436.8000,436.8000,0.000100,0
64.1500,50.000,25.000,441.6000,441.6000,0.000100,0
64.2000,58.000,29.000,418.0800,418.0800,0.000100,0
64.2500,54.000,27.000,459.6000,459.6000,0.000100,0
64.3000,50.000,25.000,418.5600,418.5600,0.000100,0
64.3500,50.000,25.000,423.3600,423.3600,0.000100,0
64.4000,54.000,27.000,455.0400,455.0400,0.000100,0
64.4500,50.000,25.000,422.8800,422.8800,0.000100,0
64.5000,48.000,24.000,435.1200,435.1200,0.000100,0
64.5500,50.000,25.000,439.2000,439.2000,0.000100,0
64.6000,50.000,25.000,437.2800,437.2800,0.000100,0
64.6500,52.000,26.000,439.4400,439.4400,0.000100,0
64.7000,50.000,25.000,438.4800,438.4800,0.000100,0
64.7500,50.000,25.000,442.0800,442.0800,0.000100,0
64.8000,52.000,26.000,436.5600,436.5600,0.000100,0
64.8500,54.000,27.000,440.1600,440.1600,0.000100,0
64.9000,54.000,27.000,419.7600,419.7600,0.000100,0
64.9500,48.000,24.000,458.1600,458.1600,0.000100,0
65.0000,50.000,25.000,420.7200,420.7200,0.000100,0
65.0500,48.000,24.000,421.4400,421.4400,0.000100,0
65.1000,50.000,25.000,456.9600,456.9600,0.000100,0
65.1500,58.000,29.000,421.6800,421.6800,0.000100,0
65.2000,50.000,25.000,438.4800,438.4800,0.000100,0
65.2500,50.000,25.000,439.9200,439.9200,0.000100,0
65.3000,56.000,28.000,437.5200,437.5200,0.000100,0
65.3500,52.000,26.000,440.1600,440.1600,0.000100,0
65.4000,50.000,25.000,438.7200,438.7200,0.000100,0
65.4500,54.000,27.000,437.7600,437.7600,0.000100,0
65.5000,54.000,27.000,421.6800,421.6800,0.000100,0
65.5500,50.000,25.000,456.4800,456.4800,0.000100,0
65.6000,50.000,25.000,421.4400,421.4400,0.000100,0
65.6500,50.000,25.000,421.4400,421.4400,0.000100,0
65.7000,50.000,25.000,456.7200,456.7200,0.000100,0
65.7500,50.000,25.000,420.7200,420.7200,0.000100,0
65.8000,52.000,26.000,439.4400,439.4400,0.000100,0
65.8500,52.000,26.000,439.4400,439.4400,0.000100,0
65.9000,52.000,26.000,438.7200,438.7200,0.000100,0
65.9500,52.000,26.000,440.1600,440.1600,0.000100,0
66.0000,54.000,27.000,438.4800,438.4800,0.000100,0
66.0500,50.000,25.000,438.4800,438.4800,0.000100,0
66.1000,52.000,26.000,422.4000,422.4000,0.000100,0
66.1500,54.000,27.000,456.0000,456.0000,0.000100,0
66.2000,50.000,25.000,422.6400,422.6400,0.000100,0
66.2500,52.000,26.000,420.0000,420.0000,0.000100,0
66.3000,54.000,27.000,458.6400,458.6400,0.000100,0
66.3500,48.000,24.000,419.7600,419.7600,0.000100,0
66.4000,50.000,25.000,440.4000,440.4000,0.000100,0
66.4500,54.000,27.000,437.5200,437.5200,0.000100,0
66.5000,52.000,26.000,439.4400,439.4400,0.000100,0
66.5500,52.000,26.000,435.6000,435.6000,0.000100,0
66.6000,50.000,25.000,442.0800,442.0800,0.000100,0
66.6500,50.000,25.000,438.2400,438.2400,0.000100,0
66.7000,54.000,27.000,439.9200,439.9200,0.000100,0
66.7500,48.000,24.000,437.2800,437.2800,0.000100,0
66.8000,50.000,25.000,421.6800,421.6800,0.000100,0
66.8500,52.000,26.000,456.2400,456.2400,0.000100,0
66.9000,50.000,25.000,422.6400,422.6400,0.000100,0
66.9500,52.000,26.000,420.0000,420.0000,0.000100,0
67.0000,56.000,28.000,458.8800,458.8800,0.000100,0
67.0500,50.000,25.000,419.5200,419.5200,0.000100,0
67.1000,52.000,26.000,441.1200,441.1200,0.000100,0
67.1500,54.000,27.000,437.7600,437.7600,0.000100,0
67.2000,48.000,24.000,440.6400,440.6400,0.000100,0
67.2500,52.000,26.000,438.0000,438.0000,0.000100,0
67.3000,48.000,24.000,440.6400,440.6400,0.000100,0
67.3500,50.000,25.000,438.2400,438.2400,0.000100,0
67.4000,52.000,26.000,422.4000,422.4000,0.000100,0
67.4500,54.000,27.000,455.5200,455.5200,0.000100,0
67.5000,50.000,25.000,421.6800,421.6800,0.000100,0
67.5500,52.000,26.000,417.8400,417.8400,0.000100,0
67.6000,48.000,24.000,459.8400,459.8400,0.000100,0
67.6500,52.000,26.000,418.0800,418.0800,0.000100,0
67.7000,52.000,26.000,442.5600,442.5600,0.000100,0
67.7500,50.000,25.000,435.8400,435.8400,0.000100,0
67.8000,48.000,24.000,441.8400,441.8400,0.000100,0
67.8500,52.000,26.000,438.4800,438.4800,0.000100,0
67.9000,52.000,26.000,440.4000,440.4000,0.000100,0
67.9500,52.000,26.000,437.7600,437.7600,0.000100,0
68.0000,50.000,25.000,422.1600,422.1600,0.000100,0
68.0500,50.000,25.000,453.8400,453.8400,0.000100,0
68.1000,50.000,25.000,424.5600,424.5600,0.000100,0
68.1500,52.000,26.000,418.3200,418.3200,0.000100,0
68.2000,48.000,24.000,460.8000,460.8000,0.000100,0
68.2500,52.000,26.000,417.6000,417.6000,0.000100,0
68.3000,48.000,24.000,442.8000,442.8000,0.000100,0
68.3500,50.000,25.000,436.3200,436.3200,0.000100,0
68.4000,48.000,24.000,442.3200,442.3200,0.000100,0
68.4500,52.000,26.000,434.4000,434.4000,0.000100,0
68.5000,50.000,25.000,443.5200,443.5200,0.000100,0
68.5500,52.000,26.000,432.7200,432.7200,0.000100,0
68.6000,50.000,25.000,445.4400,445.4400,0.000100,0
68.6500,52.000,26.000,433.9200,433.9200,0.000100,0
68.7000,54.000,27.000,425.7600,425.7600,0.000100,0
68.7500,54.000,27.000,454.5600,454.5600,0.000100,0
68.8000,48.000,24.000,423.8400,423.8400,0.000100,0
68.8500,52.000,26.000,418.0800,418.0800,0.000100,0
68.9000,48.000,24.000,460.8000,460.8000,0.000100,0
68.9500,48.000,24.000,412.0800,412.0800,0.000100,0
69.0000,52.000,26.000,448.0800,448.0800,0.000100,0
69.0500,48.000,24.000,436.0800,436.0800,0.000100,0
69.1000,48.000,24.000,442.8000,442.8000,0.000100,0
69.1500,52.000,26.000,436.3200,436.3200,0.000100,0
69.2000,48.000,24.000,442.0800,442.0800,0.000100,0
69.2500,48.000,24.000,435.3600,435.3600,0.000100,0
69.3000,52.000,26.000,417.6000,417.6000,0.000100,0
69.3500,48.000,24.000,445.9200,445.9200,0.000100,0
69.4000,50.000,25.000,415.6800,415.6800,0.000100,0
69.4500,52.000,26.000,416.4000,416.4000,0.000100,0
69.5000,56.000,28.000,462.0000,462.0000,0.000100,0
69.5500,52.000,26.000,415.2000,415.2000,0.000100,0
69.6000,52.000,26.000,443.5200,443.5200,0.000100,0
69.6500,50.000,25.000,433.6800,433.6800,0.000100,0
69.7000,48.000,24.000,444.2400,444.2400,0.000100,0
69.7500,52.000,26.000,432.7200,432.7200,0.000100,0
69.8000,48.000,24.000,445.6800,445.6800,0.000100,0
69.8500,50.000,25.000,434.8800,434.8800,0.000100,0
69.9000,60.000,30.000,425.5200,425.5200,0.000100,0
69.9500,48.000,24.000,449.5200,449.5200,0.000100,0
70.0000,52.000,26.000,426.9600,426.9600,0.000100,0
70.0500,52.000,26.000,418.5600,418.5600,0.000100,0
70.1000,48.000,24.000,462.0000,462.0000,0.000100,0
70.1500,50.000,25.000,416.6400,416.6400,0.000100,0
70.2000,52.000,26.000,444.2400,444.2400,0.000100,0
70.2500,48.000,24.000,434.4000,434.4000,0.000100,0
70.3000,52.000,26.000,443.2800,443.2800,0.000100,0
70.3500,52.000,26.000,434.6400,434.6400,0.000100,0
70.4000,48.000,24.000,443.7600,443.7600,0.000100,0
70.4500,56.000,28.000,434.4000,434.4000,0.000100,0
70.5000,52.000,26.000,444.0000,444.0000,0.000100,0
70.5500,48.000,24.000,430.5600,430.5600,0.000100,0
70.6000,52.000,26.000,428.4000,428.4000,0.000100,0
70.6500,48.000,24.000,446.1600,446.1600,0.000100,0
70.7000,48.000,24.000,426.9600,426.9600,0.000100,0
70.7500,52.000,26.000,413.2800,413.2800,0.000100,0
70.8000,48.000,24.000,463.9200,463.9200,0.000100,0
70.8500,50.000,25.000,416.8800,416.8800,0.000100,0
70.9000,52.000,26.000,446.4000,446.4000,0.000100,0
70.9500,48.000,24.000,432.4800,432.4800,0.000100,0
71.0000,54.000,27.000,445.9200,445.9200,0.000100,0
71.0500,52.000,26.000,432.7200,432.7200,0.000100,0
71.1000,48.000,24.000,445.6800,445.6800,0.000100,0
71.1500,48.000,24.000,432.7200,432.7200,0.000100,0
71.2000,52.000,26.000,425.2800,425.2800,0.000100,0
71.2500,48.000,24.000,453.6000,453.6000,0.000100,0
71.3000,54.000,27.000,424.8000,424.8000,0.000100,0
71.3500,52.000,26.000,417.3600,417.3600,0.000100,0
71.4000,48.000,24.000,461.5200,461.5200,0.000100,0
71.4500,52.000,26.000,417.1200,417.1200,0.000100,0
71.5000,52.000,26.000,444.9600,444.9600,0.000100,0
71.5500,48.000,24.000,432.0000,432.0000,0.000100,0
71.6000,52.000,26.000,445.6800,445.6800,0.000100,0
71.6500,52.000,26.000,432.9600,432.9600,0.000100,0
71.7000,48.000,24.000,445.9200,445.9200,0.000100,0
71.7500,54.000,27.000,432.9600,432.9600,0.000100,0
71.8000,54.000,27.000,425.5200,425.5200,0.000100,0
71.8500,48.000,24.000,451.6800,451.6800,0.000100,0
71.9000,50.000,25.000,427.2000,427.2000,0.000100,0
71.9500,52.000,26.000,415.2000,415.2000,0.000100,0
72.0000,48.000,24.000,462.9600,462.9600,0.000100,0
72.0500,52.000,26.000,415.2000,415.2000,0.000100,0
72.1000,52.000,26.000,448.3200,448.3200,0.000100,0
72.1500,48.000,24.000,430.5600,430.5600,0.000100,0
72.2000,52.000,26.000,448.0800,448.0800,0.000100,0
72.2500,52.000,26.000,431.0400,431.0400,0.000100,0
72.3000,48.000,24.000,447.6000,447.6000,0.000100,0
72.3500,52.000,26.000,431.0400,431.0400,0.000100,0
72.4000,52.000,26.000,447.8400,447.8400,0.000100,0
72.4500,50.000,25.000,430.5600,430.5600,0.000100,0
72.5000,50.000,25.000,425.0400,425.0400,0.000100,0
72.5500,52.000,26.000,453.3600,453.3600,0.000100,0
72.6000,52.000,26.000,424.8000,424.8000,0.000100,0
72.6500,52.000,26.000,417.1200,417.1200,0.000100,0
72.7000,52.000,26.000,462.7200,462.7200,0.000100,0
72.7500,50.000,25.000,416.4000,416.4000,0.000100,0
72.8000,52.000,26.000,448.3200,448.3200,0.000100,0
72.8500,52.000,26.000,430.5600,430.5600,0.000100,0
72.9000,50.000,25.000,448.3200,448.3200,0.000100,0
72.9500,52.000,26.000,431.0400,431.0400,0.000100,0
73.0000,52.000,26.000,447.6000,447.6000,0.000100,0
73.0500,48.000,24.000,431.2800,431.2800,0.000100,0
73.1000,52.000,26.000,425.2800,425.2800,0.000100,0
73.1500,48.000,24.000,453.8400,453.8400,0.000100,0
73.2000,52.000,26.000,425.2800,425.2800,0.000100,0
73.2500,52.000,26.000,416.8800,416.8800,0.000100,0
73.3000,48.000,24.000,460.8000,460.8000,0.000100,0
73.3500,52.000,26.000,417.3600,417.3600,0.000100,0
73.4000,52.000,26.000,448.5600,448.5600,0.000100,0
73.4500,48.000,24.000,428.4000,428.4000,0.000100,0
73.5000,52.000,26.000,447.1200,447.1200,0.000100,0
73.5500,50.000,25.000,431.0400,431.0400,0.000100,0
73.6000,48.000,24.000,447.6000,447.6000,0.000100,0
73.6500,52.000,26.000,431.0400,431.0400,0.000100,0
73.7000,52.000,26.000,423.3600,423.3600,0.000100,0
73.7500,48.000,24.000,454.8000,454.8000,0.000100,0
73.8000,52.000,26.000,423.3600,423.3600,0.000100,0
73.8500,52.000,26.000,419.0400,419.0400,0.000100,0
73.9000,52.000,26.000,460.0800,460.0800,0.000100,0
73.9500,52.000,26.000,418.8000,418.8000,0.000100,0
74.0000,52.000,26.000,448.3200,448.3200,0.000100,0
74.0500,48.000,24.000,430.5600,430.5600,0.000100,0
74.1000,56.000,28.000,448.5600,448.5600,0.000100,0
74.1500,52.000,26.000,430.5600,430.5600,0.000100,0
74.2000,48.000,24.000,448.3200,448.3200,0.000100,0
74.2500,52.000,26.000,431.0400,431.0400,0.000100,0
74.3000,52.000,26.000,447.6000,447.6000,0.000100,0
74.3500,48.000,24.000,429.8400,429.8400,0.000100,0
74.4000,54.000,27.000,423.3600,423.3600,0.000100,0
74.4500,52.000,26.000,455.2800,455.2800,0.000100,0
74.5000,48.000,24.000,422.8800,422.8800,0.000100,0
74.5500,52.000,26.000,419.0400,419.0400,0.000100,0
74.6000,52.000,26.000,459.3600,459.3600,0.000100,0
74.6500,50.000,25.000,419.0400,419.0400,0.000100,0
74.7000,52.000,26.000,448.3200,448.3200,0.000100,0
74.7500,52.000,26.000,430.5600,430.5600,0.000100,0
74.8000,52.000,26.000,448.3200,448.3200,0.000100,0
74.8500,50.000,25.000,431.0400,431.0400,0.000100,0
74.9000,52.000,26.000,446.1600,446.1600,0.000100,0
74.9500,48.000,24.000,430.8000,430.8000,0.000100,0
75.0000,52.000,26.000,421.2000,421.2000,0.000100,0
75.0500,48.000,24.000,457.2000,457.2000,0.000100,0
75.1000,50.000,25.000,423.6000,423.6000,0.000100,0
75.1500,52.000,26.000,417.3600,417.3600,0.000100,0
75.2000,52.000,26.000,459.8400,459.8400,0.000100,0
75.2500,52.000,26.000,419.2800,419.2800,0.000100,0
75.3000,52.000,26.000,447.8400,447.8400,0.000100,0
75.3500,48.000,24.000,430.5600,430.5600,0.000100,0
75.4000,52.000,26.000,448.5600,448.5600,0.000100,0
75.4500,50.000,25.000,431.0400,431.0400,0.000100,0
75.5000,48.000,24.000,447.1200,447.1200,0.000100,0
75.5500,56.000,28.000,306.0000,306.0000,0.000100,0
75.6000,48.000,24.000,22.8000,22.8000,0.000100,0
75.6500,74.000,37.000,103.9200,103.9200,0.000100,0
75.7000,52.000,26.000,245.5200,245.5200,0.000100,0
75.7500,50.000,25.000,411.3600,411.3600,0.000100,0
75.8000,52.000,26.000,444.7200,444.7200,0.000100,0
75.8500,50.000,25.000,429.6000,429.6000,0.000100,0
75.9000,48.000,24.000,447.8400,447.8400,0.000100,0
75.9500,52.000,26.000,430.3200,430.3200,0.000100,0
76.0000,52.000,26.000,448.3200,448.3200,0.000100,0
76.0500,50.000,25.000,428.6400,428.6400,0.000100,0
76.1000,50.000,25.000,420.2400,420.2400,0.000100,0
76.1500,52.000,26.000,456.4800,456.4800,0.000100,0
76.2000,48.000,24.000,421.4400,421.4400,0.000100,0
76.2500,52.000,26.000,420.4800,420.4800,0.000100,0
76.3000,52.000,26.000,457.9200,457.9200,0.000100,0
76.3500,50.000,25.000,420.0000,420.0000,0.000100,0
76.4000,56.000,28.000,446.8800,446.8800,0.000100,0
76.4500,52.000,26.000,430.3200,430.3200,0.000100,0
76.5000,48.000,24.000,446.4000,446.4000,0.000100,0
76.5500,52.000,26.000,429.8400,429.8400,0.000100,0
76.6000,52.000,26.000,447.1200,447.1200,0.000100,0
76.6500,52.000,26.000,430.3200,430.3200,0.000100,0
76.7000,54.000,27.000,419.7600,419.7600,0.000100,0
76.7500,52.000,26.000,458.4000,458.4000,0.000100,0
76.8000,50.000,25.000,418.3200,418.3200,0.000100,0
76.8500,52.000,26.000,422.4000,422.4000,0.000100,0
76.9000,52.000,26.000,454.8000,454.8000,0.000100,0
76.9500,50.000,25.000,422.8800,422.8800,0.000100,0
77.0000,52.000,26.000,447.8400,447.8400,0.000100,0
77.0500,48.000,24.000,430.5600,430.5600,0.000100,0
77.1000,52.000,26.000,448.0800,448.0800,0.000100,0
77.1500,50.000,25.000,430.8000,430.8000,0.000100,0
77.2000,48.000,24.000,446.8800,446.8800,0.000100,0
77.2500,52.000,26.000,430.8000,430.8000,0.000100,0
77.3000,52.000,26.000,419.5200,419.5200,0.000100,0
77.3500,48.000,24.000,458.8800,458.8800,0.000100,0
77.4000,56.000,28.000,419.2800,419.2800,0.000100,0
77.4500,50.000,25.000,422.4000,422.4000,0.000100,0
77.5000,48.000,24.000,455.2800,455.2800,0.000100,0
77.5500,52.000,26.000,422.8800,422.8800,0.000100,0
77.6000,50.000,25.000,447.6000,447.6000,0.000100,0
77.6500,48.000,24.000,430.3200,430.3200,0.000100,0
77.7000,56.000,28.000,448.3200,448.3200,0.000100,0
77.7500,52.000,26.000,430.3200,430.3200,0.000100,0
77.8000,48.000,24.000,447.8400,447.8400,0.000100,0
77.8500,52.000,26.000,431.0400,431.0400,0.000100,0
77.9000,52.000,26.000,448.3200,448.3200,0.000100,0
77.9500,48.000,24.000,430.5600,430.5600,0.000100,0
78.0000,54.000,27.000,417.8400,417.8400,0.000100,0
78.0500,50.000,25.000,460.8000,460.8000,0.000100,0
78.1000,54.000,27.000,417.8400,417.8400,0.000100,0
78.1500,50.000,25.000,424.5600,424.5600,0.000100,0
78.2000,52.000,26.000,454.0800,454.0800,0.000100,0
78.2500,50.000,25.000,424.3200,424.3200,0.000100,0
78.3000,52.000,26.000,448.5600,448.5600,0.000100,0
78.3500,52.000,26.000,430.5600,430.5600,0.000100,0
78.4000,50.000,25.000,448.0800,448.0800,0.000100,0
78.4500,52.000,26.000,430.5600,430.5600,0.000100,0
78.5000,52.000,26.000,447.1200,447.1200,0.000100,0
78.5500,50.000,25.000,431.5200,431.5200,0.000100,0
78.6000,52.000,26.000,417.3600,417.3600,0.000100,0
78.6500,48.000,24.000,460.5600,460.5600,0.000100,0
78.7000,50.000,25.000,418.0800,418.0800,0.000100,0
78.7500,52.000,26.000,424.5600,424.5600,0.000100,0
78.8000,48.000,24.000,449.5200,449.5200,0.000100,0
78.8500,52.000,26.000,428.4000,428.4000,0.000100,0
78.9000,52.000,26.000,448.3200,448.3200,0.000100,0
78.9500,50.000,25.000,430.3200,430.3200,0.000100,0
79.0000,50.000,25.000,448.3200,448.3200,0.000100,0
79.0500,52.000,26.000,431.0400,431.0400,0.000100,0
79.1000,48.000,24.000,447.1200,447.1200,0.000100,0
79.1500,52.000,26.000,429.8400,429.8400,0.000100,0
79.2000,56.000,28.000,418.8000,418.8000,0.000100,0
79.2500,54.000,27.000,460.0800,460.0800,0.000100,0
79.3000,50.000,25.000,416.1600,416.1600,0.000100,0
79.3500,52.000,26.000,426.4800,426.4800,0.000100,0
79.4000,48.000,24.000,451.9200,451.9200,0.000100,0
79.4500,52.000,26.000,425.7600,425.7600,0.000100,0
79.5000,56.000,28.000,447.3600,447.3600,0.000100,0
79.5500,48.000,24.000,430.5600,430.5600,0.000100,0
79.6000,52.000,26.000,446.6400,446.6400,0.000100,0
79.6500,52.000,26.000,430.5600,430.5600,0.000100,0
79.7000,48.000,24.000,447.6000,447.6000,0.000100,0
79.7500,52.000,26.000,429.3600,429.3600,0.000100,0
79.8000,52.000,26.000,447.3600,447.3600,0.000100,0
79.8500,48.000,24.000,428.6400,428.6400,0.000100,0
79.9000,56.000,28.000,415.4400,415.4400,0.000100,0
79.9500,48.000,24.000,461.7600,461.7600,0.000100,0
80.0000,48.000,24.000,411.3600,411.3600,0.000100,0
80.0500,52.000,26.000,429.6000,429.6000,0.000100,0
80.1000,52.000,26.000,451.9200,451.9200,0.000100,0
80.1500,48.000,24.000,426.7200,426.7200,0.000100,0
80.2000,52.000,26.000,447.8400,447.8400,0.000100,0
80.2500,52.000,26.000,430.5600,430.5600,0.000100,0
80.3000,50.000,25.000,448.0800,448.0800,0.000100,0
80.3500,52.000,26.000,429.3600,429.3600,0.000100,0
80.4000,48.000,24.000,448.3200,448.3200,0.000100,0
80.4500,50.000,25.000,429.1200,429.1200,0.000100,0
80.5000,52.000,26.000,413.2800,413.2800,0.000100,0
80.5500,48.000,24.000,462.0000,462.0000,0.000100,0
80.6000,56.000,28.000,416.1600,416.1600,0.000100,0
80.6500,52.000,26.000,426.2400,426.2400,0.000100,0
80.7000,52.000,26.000,451.4400,451.4400,0.000100,0
80.7500,52.000,26.000,424.8000,424.8000,0.000100,0
80.8000,56.000,28.000,447.8400,447.8400,0.000100,0
80.8500,52.000,26.000,430.3200,430.3200,0.000100,0
80.9000,48.000,24.000,445.9200,445.9200,0.000100,0
80.9500,52.000,26.000,426.7200,426.7200,0.000100,0
81.0000,48.000,24.000,447.6000,447.6000,0.000100,0
81.0500,52.000,26.000,426.4800,426.4800,0.000100,0
81.1000,54.000,27.000,415.2000,415.2000,0.000100,0
81.1500,48.000,24.000,460.0800,460.0800,0.000100,0
81.2000,52.000,26.000,415.4400,415.4400,0.000100,0
81.2500,52.000,26.000,426.7200,426.7200,0.000100,0
81.3000,52.000,26.000,448.8000,448.8000,0.000100,0
81.3500,48.000,24.000,426.9600,426.9600,0.000100,0
81.4000,52.000,26.000,446.8800,446.8800,0.000100,0
81.4500,48.000,24.000,429.1200,429.1200,0.000100,0
81.5000,52.000,26.000,445.6800,445.6800,0.000100,0
81.5500,52.000,26.000,429.1200,429.1200,0.000100,0
81.6000,48.000,24.000,445.9200,445.9200,0.000100,0
81.6500,52.000,26.000,426.4800,426.4800,0.000100,0
81.7000,52.000,26.000,448.8000,448.8000,0.000100,0
81.7500,48.000,24.000,425.2800,425.2800,0.000100,0
81.8000,56.000,28.000,414.2400,414.2400,0.000100,0
81.8500,48.000,24.000,459.8400,459.8400,0.000100,0
81.9000,48.000,24.000,415.6800,415.6800,0.000100,0
81.9500,52.000,26.000,427.6800,427.6800,0.000100,0
82.0000,52.000,26.000,448.0800,448.0800,0.000100,0
82.0500,52.000,26.000,427.2000,427.2000,0.000100,0
82.1000,56.000,28.000,447.6000,447.6000,0.000100,0
82.1500,50.000,25.000,430.3200,430.3200,0.000100,0
82.2000,50.000,25.000,447.6000,447.6000,0.000100,0
82.2500,60.000,30.000,426.4800,426.4800,0.000100,0
82.3000,50.000,25.000,450.4800,450.4800,0.000100,0
82.3500,50.000,25.000,425.0400,425.0400,0.000100,0
82.4000,54.000,27.000,415.4400,415.4400,0.000100,0
82.4500,52.000,26.000,461.0400,461.0400,0.000100,0
82.5000,56.000,28.000,414.4800,414.4800,0.000100,0
82.5500,52.000,26.000,428.4000,428.4000,0.000100,0
82.6000,52.000,26.000,446.6400,446.6400,0.000100,0
82.6500,50.000,25.000,427.9200,427.9200,0.000100,0
82.7000,52.000,26.000,446.8800,446.8800,0.000100,0
82.7500,48.000,24.000,428.4000,428.4000,0.000100,0
82.8000,52.000,26.000,446.6400,446.6400,0.000100,0
82.8500,52.000,26.000,424.5600,424.5600,0.000100,0
82.9000,52.000,26.000,451.4400,451.4400,0.000100,0
82.9500,52.000,26.000,425.0400,425.0400,0.000100,0
83.0000,52.000,26.000,415.6800,415.6800,0.000100,0
83.0500,48.000,24.000,461.0400,461.0400,0.000100,0
83.1000,56.000,28.000,414.9600,414.9600,0.000100,0
83.1500,52.000,26.000,428.8800,428.8800,0.000100,0
83.2000,54.000,27.000,447.3600,447.3600,0.000100,0
83.2500,50.000,25.000,429.1200,429.1200,0.000100,0
83.3000,52.000,26.000,446.8800,446.8800,0.000100,0
83.3500,50.000,25.000,428.6400,428.6400,0.000100,0
83.4000,50.000,25.000,447.1200,447.1200,0.000100,0
83.4500,52.000,26.000,428.8800,428.8800,0.000100,0
83.5000,48.000,24.000,445.9200,445.9200,0.000100,0
83.5500,52.000,26.000,425.0400,425.0400,0.000100,0
83.6000,52.000,26.000,450.2400,450.2400,0.000100,0
83.6500,48.000,24.000,422.4000,422.4000,0.000100,0
83.7000,56.000,28.000,416.1600,416.1600,0.000100,0
83.7500,52.000,26.000,459.8400,459.8400,0.000100,0
83.8000,48.000,24.000,415.2000,415.2000,0.000100,0
83.8500,52.000,26.000,428.4000,428.4000,0.000100,0
83.9000,50.000,25.000,446.8800,446.8800,0.000100,0
83.9500,50.000,25.000,428.8800,428.8800,0.000100,0
84.0000,52.000,26.000,446.6400,446.6400,0.000100,0
84.0500,48.000,24.000,428.4000,428.4000,0.000100,0
84.1000,52.000,26.000,446.8800,446.8800,0.000100,0
84.1500,50.000,25.000,422.6400,422.6400,0.000100,0
84.2000,52.000,26.000,452.8800,452.8800,0.000100,0
84.2500,48.000,24.000,423.1200,423.1200,0.000100,0
84.3000,52.000,26.000,416.8800,416.8800,0.000100,0
84.3500,50.000,25.000,458.4000,458.4000,0.000100,0
84.4000,48.000,24.000,416.4000,416.4000,0.000100,0
84.4500,52.000,26.000,429.1200,429.1200,0.000100,0
84.5000,48.000,24.000,445.9200,445.9200,0.000100,0
84.5500,52.000,26.000,428.4000,428.4000,0.000100,0
84.6000,52.000,26.000,446.1600,446.1600,0.000100,0
84.6500,48.000,24.000,428.6400,428.6400,0.000100,0
84.7000,60.000,30.000,446.1600,446.1600,0.000100,0
84.7500,48.000,24.000,421.6800,421.6800,0.000100,0
84.8000,52.000,26.000,452.6400,452.6400,0.000100,0
84.8500,48.000,24.000,422.6400,422.6400,0.000100,0
84.9000,60.000,30.000,417.1200,417.1200,0.000100,0
84.9500,54.000,27.000,458.8800,458.8800,0.000100,0
85.0000,54.000,27.000,416.6400,416.6400,0.000100,0
85.0500,52.000,26.000,428.8800,428.8800,0.000100,0
85.1000,52.000,26.000,446.6400,446.6400,0.000100,0
85.1500,48.000,24.000,428.8800,428.8800,0.000100,0
85.2000,52.000,26.000,446.6400,446.6400,0.000100,0
85.2500,48.000,24.000,429.1200,429.1200,0.000100,0
85.3000,52.000,26.000,446.4000,446.4000,0.000100,0
85.3500,52.000,26.000,429.3600,429.3600,0.000100,0
85.4000,48.000,24.000,446.6400,446.6400,0.000100,0
85.4500,52.000,26.000,422.4000,422.4000,0.000100,0
85.5000,52.000,26.000,452.6400,452.6400,0.000100,0
85.5500,48.000,24.000,422.1600,422.1600,0.000100,0
85.6000,52.000,26.000,416.4000,416.4000,0.000100,0
85.6500,48.000,24.000,456.0000,456.0000,0.000100,0
85.7000,48.000,24.000,418.3200,418.3200,0.000100,0
85.7500,52.000,26.000,428.1600,428.1600,0.000100,0
85.8000,52.000,26.000,446.6400,446.6400,0.000100,0
85.8500,48.000,24.000,428.8800,428.8800,0.000100,0
85.9000,52.000,26.000,446.4000,446.4000,0.000100,0
85.9500,52.000,26.000,428.6400,428.6400,0.000100,0
86.0000,48.000,24.000,428.8800,428.8800,0.000100,0
86.0500,52.000,26.000,403.6800,403.6800,0.000100,0
86.1000,48.000,24.000,434.1600,434.1600,0.000100,0
86.1500,52.000,26.000,404.1600,404.1600,0.000100,0
86.2000,52.000,26.000,401.5200,401.5200,0.000100,0
86.2500,48.000,24.000,438.9600,438.9600,0.000100,0
86.3000,52.000,26.000,400.8000,400.8000,0.000100,0
86.3500,52.000,26.000,411.6000,411.6000,0.000100,0
86.4000,48.000,24.000,427.9200,427.9200,0.000100,0
86.4500,52.000,26.000,412.3200,412.3200,0.000100,0
86.5000,52.000,26.000,428.1600,428.1600,0.000100,0
86.5500,48.000,24.000,412.0800,412.0800,0.000100,0
86.6000,52.000,26.000,427.9200,427.9200,0.000100,0
86.6500,52.000,26.000,403.4400,403.4400,0.000100,0
86.7000,48.000,24.000,435.8400,435.8400,0.000100,0
86.7500,52.000,26.000,402.9600,402.9600,0.000100,0
86.8000,52.000,26.000,402.0000,402.0000,0.000100,0
86.8500,48.000,24.000,439.2000,439.2000,0.000100,0
86.9000,52.000,26.000,401.7600,401.7600,0.000100,0
86.9500,52.000,26.000,410.4000,410.4000,0.000100,0
87.0000,56.000,28.000,428.6400,428.6400,0.000100,0
87.0500,48.000,24.000,410.6400,410.6400,0.000100,0
87.1000,52.000,26.000,424.8000,424.8000,0.000100,0
87.1500,48.000,24.000,367.4400,367.4400,0.000100,0
87.2000,52.000,26.000,375.6000,375.6000,0.000100,0
87.2500,52.000,26.000,361.2000,361.2000,0.000100,0
87.3000,48.000,24.000,375.8400,375.8400,0.000100,0
87.3500,52.000,26.000,355.6800,355.6800,0.000100,0
87.4000,48.000,24.000,381.8400,381.8400,0.000100,0
87.4500,48.000,24.000,353.5200,353.5200,0.000100,0
87.5000,56.000,28.000,352.0800,352.0800,0.000100,0
87.5500,52.000,26.000,385.9200,385.9200,0.000100,0
87.6000,54.000,27.000,349.9200,349.9200,0.000100,0
87.6500,48.000,24.000,360.4800,360.4800,0.000100,0
87.7000,52.000,26.000,374.8800,374.8800,0.000100,0
87.7500,52.000,26.000,359.7600,359.7600,0.000100,0
87.8000,48.000,24.000,375.8400,375.8400,0.000100,0
87.8500,56.000,28.000,358.8000,358.8000,0.000100,0
87.9000,52.000,26.000,375.6000,375.6000,0.000100,0
87.9500,56.000,28.000,341.2800,341.2800,0.000100,0
88.0000,48.000,24.000,363.1200,363.1200,0.000100,0
88.0500,52.000,26.000,335.5200,335.5200,0.000100,0
88.1000,52.000,26.000,334.8000,334.8000,0.000100,0
88.1500,48.000,24.000,365.0400,365.0400,0.000100,0
88.2000,52.000,26.000,335.0400,335.0400,0.000100,0
88.2500,52.000,26.000,342.2400,342.2400,0.000100,0
88.3000,52.000,26.000,355.6800,355.6800,0.000100,0
88.3500,52.000,26.000,342.2400,342.2400,0.000100,0
88.4000,52.000,26.000,356.4000,356.4000,0.000100,0
88.4500,50.000,25.000,342.2400,342.2400,0.000100,0
88.5000,52.000,26.000,353.7600,353.7600,0.000100,0
88.5500,50.000,25.000,325.9200,325.9200,0.000100,0
88.6000,48.000,24.000,362.4000,362.4000,0.000100,0
88.6500,52.000,26.000,316.5600,316.5600,0.000100,0
88.7000,52.000,26.000,318.7200,318.7200,0.000100,0
88.7500,54.000,27.000,342.9600,342.9600,0.000100,0
88.8000,52.000,26.000,319.6800,319.6800,0.000100,0
88.8500,56.000,28.000,324.0000,324.0000,0.000100,0
88.9000,54.000,27.000,338.1600,338.1600,0.000100,0
88.9500,52.000,26.000,324.2400,324.2400,0.000100,0
89.0000,56.000,28.000,338.6400,338.6400,0.000100,0
89.0500,54.000,27.000,325.4400,325.4400,0.000100,0
89.1000,56.000,28.000,338.1600,338.1600,0.000100,0
89.1500,56.000,28.000,326.1600,326.1600,0.000100,0
89.2000,54.000,27.000,336.7200,336.7200,0.000100,0
89.2500,52.000,26.000,316.0800,316.0800,0.000100,0
89.3000,52.000,26.000,344.1600,344.1600,0.000100,0
89.3500,54.000,27.000,300.2400,300.2400,0.000100,0
89.4000,52.000,26.000,301.2000,301.2000,0.000100,0
89.4500,54.000,27.000,322.0800,322.0800,0.000100,0
89.5000,56.000,28.000,304.0800,304.0800,0.000100,0
89.5500,48.000,24.000,307.2000,307.2000,0.000100,0
89.6000,54.000,27.000,319.6800,319.6800,0.000100,0
89.6500,56.000,28.000,306.4800,306.4800,0.000100,0
89.7000,56.000,28.000,318.9600,318.9600,0.000100,0
89.7500,56.000,28.000,305.7600,305.7600,0.000100,0
89.8000,52.000,26.000,320.1600,320.1600,0.000100,0
89.8500,52.000,26.000,295.6800,295.6800,0.000100,0
89.9000,60.000,30.000,328.8000,328.8000,0.000100,0
89.9500,56.000,28.000,282.4800,282.4800,0.000100,0
